date,open,high,low,close,volume,asset,source
2020-01-02,1795.26,1800.15,1783.22,1797.69,227392,XAU,seed
2020-01-03,1797.75,1800.68,1795.98,1796.77,110990,XAU,seed
2020-01-06,1789.5,1799.35,1783.64,1792.74,107787,XAU,seed
2020-01-07,1782.15,1782.15,1772.98,1778.21,160785,XAU,seed
2020-01-08,1777.51,1777.51,1769.3,1772.65,75353,XAU,seed
2020-01-09,1759.4,1771.3,1759.25,1761.89,82722,XAU,seed
2020-01-10,1781.71,1787.07,1770.3,1781.16,275891,XAU,seed
2020-01-13,1768.86,1781.52,1760.49,1773.44,70916,XAU,seed
2020-01-14,1796.91,1814.52,1793.28,1798.2,92638,XAU,seed
2020-01-15,1786.97,1801.39,1784.46,1789.47,209680,XAU,seed
2020-01-16,1771.26,1780.82,1771.26,1773.98,292585,XAU,seed
2020-01-17,1760.65,1767.09,1746.01,1758.71,110043,XAU,seed
2020-01-20,1773.51,1792.5,1766.63,1774.56,198682,XAU,seed
2020-01-21,1788.9,1802.95,1775.15,1787.24,170285,XAU,seed
2020-01-22,1797.15,1808.94,1790.9,1794.51,162311,XAU,seed
2020-01-23,1808.04,1821.9,1808.04,1811.09,73831,XAU,seed
2020-01-24,1809.29,1820.41,1801.51,1813.07,206345,XAU,seed
2020-01-27,1837.18,1855.7,1827.29,1831.73,275648,XAU,seed
2020-01-28,1856.66,1872.59,1850.69,1860.97,251483,XAU,seed
2020-01-29,1854.51,1877.27,1848.64,1855.23,279599,XAU,seed
2020-01-30,1848.39,1849.86,1845.28,1845.49,213918,XAU,seed
2020-01-31,1838.58,1846.31,1824.61,1837.38,191394,XAU,seed
2020-02-03,1886.96,1891.09,1875.88,1882.23,79325,XAU,seed
2020-02-04,1925.4,1925.4,1918.47,1921.58,280164,XAU,seed
2020-02-05,1917.03,1925.02,1890.16,1914.36,189645,XAU,seed
2020-02-06,1915.75,1923.19,1913.72,1916.03,278703,XAU,seed
2020-02-07,1879.22,1879.22,1860.07,1874.4,236895,XAU,seed
2020-02-10,1851.34,1860.01,1845.44,1849.67,81720,XAU,seed
2020-02-11,1845.01,1861.95,1845.01,1850.33,51885,XAU,seed
2020-02-12,1873.95,1892.41,1866.59,1877.0,68574,XAU,seed
2020-02-13,1860.86,1875.49,1857.38,1861.02,281311,XAU,seed
2020-02-14,1843.94,1843.94,1835.2,1840.8,75409,XAU,seed
2020-02-17,1830.15,1833.13,1828.82,1831.13,221299,XAU,seed
2020-02-18,1839.75,1850.57,1825.32,1840.82,115183,XAU,seed
2020-02-19,1846.41,1854.59,1840.99,1850.41,279241,XAU,seed
2020-02-20,1874.64,1874.64,1869.65,1870.59,191711,XAU,seed
2020-02-21,1904.13,1904.13,1894.61,1899.28,177307,XAU,seed
2020-02-24,1863.27,1863.27,1858.26,1858.79,152346,XAU,seed
2020-02-25,1855.43,1876.56,1845.09,1855.93,255353,XAU,seed
2020-02-26,1822.42,1833.15,1803.19,1826.2,201828,XAU,seed
2020-02-27,1824.07,1835.99,1822.89,1826.11,291011,XAU,seed
2020-02-28,1838.82,1838.9,1830.91,1833.75,205984,XAU,seed
2020-03-02,1870.12,1882.55,1866.85,1871.2,201760,XAU,seed
2020-03-03,1847.3,1857.92,1842.56,1848.2,295027,XAU,seed
2020-03-04,1844.65,1847.19,1841.84,1846.71,219214,XAU,seed
2020-03-05,1844.58,1850.95,1837.31,1841.8,197585,XAU,seed
2020-03-06,1847.08,1852.32,1828.84,1850.27,280913,XAU,seed
2020-03-09,1862.31,1875.51,1860.29,1864.71,129303,XAU,seed
2020-03-10,1821.24,1836.31,1818.74,1819.56,128480,XAU,seed
2020-03-11,1832.79,1832.79,1809.52,1828.64,244620,XAU,seed
2020-03-12,1815.24,1815.33,1808.1,1814.1,216261,XAU,seed
2020-03-13,1826.24,1831.44,1826.24,1828.97,216273,XAU,seed
2020-03-16,1809.8,1816.92,1802.4,1815.21,118670,XAU,seed
2020-03-17,1829.42,1831.29,1825.5,1827.16,297739,XAU,seed
2020-03-18,1860.81,1866.53,1849.7,1860.3,88821,XAU,seed
2020-03-19,1853.95,1878.12,1845.32,1855.45,60458,XAU,seed
2020-03-20,1864.53,1880.31,1857.55,1867.33,281770,XAU,seed
2020-03-23,1910.31,1913.71,1904.3,1907.45,92598,XAU,seed
2020-03-24,1950.73,1961.98,1943.81,1946.27,137080,XAU,seed
2020-03-25,1953.31,1953.31,1943.98,1951.32,91732,XAU,seed
2020-03-26,1958.66,1958.67,1948.92,1954.3,264063,XAU,seed
2020-03-27,1976.14,1977.19,1967.28,1972.35,223023,XAU,seed
2020-03-30,1984.05,1987.56,1978.07,1979.72,218160,XAU,seed
2020-03-31,1951.8,1951.8,1945.77,1947.78,279910,XAU,seed
2020-04-01,1967.07,1967.07,1956.95,1961.62,163918,XAU,seed
2020-04-02,1940.13,1945.66,1940.13,1940.87,285799,XAU,seed
2020-04-03,1929.41,1948.96,1926.76,1926.99,191151,XAU,seed
2020-04-06,1910.93,1911.53,1898.64,1908.22,298741,XAU,seed
2020-04-07,1897.05,1907.92,1886.81,1899.17,128727,XAU,seed
2020-04-08,1867.09,1872.91,1857.8,1869.04,100289,XAU,seed
2020-04-09,1829.17,1837.57,1819.98,1827.22,128892,XAU,seed
2020-04-10,1794.29,1800.31,1781.13,1796.4,209032,XAU,seed
2020-04-13,1783.9,1786.81,1774.68,1784.52,286239,XAU,seed
2020-04-14,1818.09,1819.19,1803.25,1816.36,212335,XAU,seed
2020-04-15,1800.88,1801.16,1792.5,1798.17,102200,XAU,seed
2020-04-16,1807.61,1814.17,1792.45,1802.37,169384,XAU,seed
2020-04-17,1775.8,1782.5,1769.26,1779.06,113959,XAU,seed
2020-04-20,1801.84,1809.57,1783.22,1797.6,254058,XAU,seed
2020-04-21,1792.12,1792.12,1786.89,1787.21,115325,XAU,seed
2020-04-22,1792.5,1807.24,1792.5,1796.45,196518,XAU,seed
2020-04-23,1761.62,1768.13,1748.38,1757.49,182324,XAU,seed
2020-04-24,1720.11,1729.91,1706.27,1720.67,167983,XAU,seed
2020-04-27,1721.78,1721.78,1709.97,1720.36,214298,XAU,seed
2020-04-28,1724.46,1724.46,1714.5,1722.26,284101,XAU,seed
2020-04-29,1710.02,1717.41,1700.2,1712.79,66837,XAU,seed
2020-04-30,1698.48,1713.68,1692.7,1698.83,152099,XAU,seed
2020-05-01,1721.94,1729.03,1708.45,1719.92,149714,XAU,seed
2020-05-04,1674.2,1689.84,1664.96,1676.23,269081,XAU,seed
2020-05-05,1650.67,1654.86,1646.7,1650.22,107520,XAU,seed
2020-05-06,1646.61,1654.9,1634.84,1647.71,239839,XAU,seed
2020-05-07,1654.88,1659.98,1654.88,1658.59,153290,XAU,seed
2020-05-08,1632.6,1651.49,1629.56,1636.69,97639,XAU,seed
2020-05-11,1651.11,1660.47,1641.58,1653.98,149385,XAU,seed
2020-05-12,1645.82,1651.31,1638.6,1646.59,246352,XAU,seed
2020-05-13,1571.66,1581.13,1561.98,1573.08,220853,XAU,seed
2020-05-14,1575.37,1583.61,1568.45,1577.76,112533,XAU,seed
2020-05-15,1597.08,1598.94,1584.34,1596.47,251037,XAU,seed
2020-05-18,1585.14,1585.14,1567.3,1580.74,92930,XAU,seed
2020-05-19,1584.83,1593.89,1578.29,1589.35,148384,XAU,seed
2020-05-20,1563.92,1571.93,1557.66,1567.91,76712,XAU,seed
2020-05-21,1565.36,1568.39,1550.52,1563.63,198355,XAU,seed
2020-05-22,1566.66,1573.73,1560.57,1567.34,139451,XAU,seed
2020-05-25,1585.76,1592.73,1582.8,1585.85,283721,XAU,seed
2020-05-26,1598.75,1601.47,1578.72,1599.37,120800,XAU,seed
2020-05-27,1573.21,1584.95,1567.41,1570.62,205313,XAU,seed
2020-05-28,1570.32,1581.05,1558.82,1567.21,113927,XAU,seed
2020-05-29,1569.33,1572.47,1559.91,1567.74,135200,XAU,seed
2020-06-01,1575.98,1581.88,1559.5,1573.17,233811,XAU,seed
2020-06-02,1589.97,1591.95,1584.3,1589.81,156542,XAU,seed
2020-06-03,1562.94,1566.68,1553.96,1561.16,257862,XAU,seed
2020-06-04,1575.04,1576.44,1564.32,1575.95,146736,XAU,seed
2020-06-05,1554.83,1555.7,1548.56,1555.52,234249,XAU,seed
2020-06-08,1539.53,1543.23,1535.42,1542.02,244741,XAU,seed
2020-06-09,1511.84,1516.53,1506.19,1514.71,239945,XAU,seed
2020-06-10,1492.39,1505.52,1489.8,1491.53,127659,XAU,seed
2020-06-11,1489.08,1499.27,1489.08,1493.43,64293,XAU,seed
2020-06-12,1466.78,1475.86,1463.79,1470.08,278778,XAU,seed
2020-06-15,1483.58,1494.16,1467.56,1483.77,116185,XAU,seed
2020-06-16,1504.57,1504.57,1499.94,1501.66,215005,XAU,seed
2020-06-17,1501.23,1501.43,1497.44,1498.43,115061,XAU,seed
2020-06-18,1520.62,1521.02,1514.39,1519.65,186989,XAU,seed
2020-06-19,1491.81,1500.33,1489.45,1493.62,199062,XAU,seed
2020-06-22,1479.95,1482.6,1476.19,1477.83,105318,XAU,seed
2020-06-23,1475.35,1481.74,1475.35,1477.65,157090,XAU,seed
2020-06-24,1455.64,1458.79,1446.12,1457.46,234283,XAU,seed
2020-06-25,1459.49,1463.01,1448.94,1461.82,204609,XAU,seed
2020-06-26,1441.91,1452.57,1439.68,1442.56,288134,XAU,seed
2020-06-29,1438.32,1444.69,1432.78,1442.13,266069,XAU,seed
2020-06-30,1427.51,1434.9,1420.45,1430.73,297116,XAU,seed
2020-07-01,1427.9,1440.66,1419.77,1428.43,242553,XAU,seed
2020-07-02,1420.14,1436.78,1420.14,1423.63,200784,XAU,seed
2020-07-03,1423.58,1425.36,1412.93,1421.32,250044,XAU,seed
2020-07-06,1423.74,1426.33,1420.18,1422.44,203440,XAU,seed
2020-07-07,1400.62,1403.72,1395.35,1396.69,134163,XAU,seed
2020-07-08,1381.18,1384.57,1377.24,1382.59,297776,XAU,seed
2020-07-09,1358.52,1366.73,1358.52,1362.31,80388,XAU,seed
2020-07-10,1377.91,1387.85,1377.04,1377.79,192237,XAU,seed
2020-07-13,1373.45,1379.08,1367.67,1373.29,165878,XAU,seed
2020-07-14,1374.75,1380.98,1371.11,1374.35,233042,XAU,seed
2020-07-15,1372.19,1374.41,1360.85,1371.12,131461,XAU,seed
2020-07-16,1350.19,1368.43,1350.19,1353.49,170965,XAU,seed
2020-07-17,1371.53,1379.59,1371.53,1374.39,234919,XAU,seed
2020-07-20,1374.55,1374.55,1361.93,1370.6,150554,XAU,seed
2020-07-21,1380.5,1380.5,1376.48,1378.46,252552,XAU,seed
2020-07-22,1386.39,1395.59,1382.17,1382.79,124144,XAU,seed
2020-07-23,1379.52,1386.26,1367.21,1378.86,167059,XAU,seed
2020-07-24,1366.22,1373.04,1363.76,1365.79,134352,XAU,seed
2020-07-27,1393.16,1405.54,1386.14,1395.35,157682,XAU,seed
2020-07-28,1422.16,1423.05,1413.91,1420.41,223982,XAU,seed
2020-07-29,1423.85,1430.44,1423.85,1426.82,204712,XAU,seed
2020-07-30,1426.65,1436.37,1414.53,1423.7,54023,XAU,seed
2020-07-31,1422.68,1425.88,1414.76,1421.36,119474,XAU,seed
2020-08-03,1410.42,1417.37,1398.09,1409.15,275271,XAU,seed
2020-08-04,1373.47,1378.47,1367.27,1372.43,191824,XAU,seed
2020-08-05,1379.48,1399.32,1367.05,1378.39,245760,XAU,seed
2020-08-06,1416.88,1416.88,1411.55,1414.67,93611,XAU,seed
2020-08-07,1399.72,1405.21,1397.93,1403.54,148262,XAU,seed
2020-08-10,1392.79,1395.35,1389.53,1393.52,95893,XAU,seed
2020-08-11,1422.51,1422.51,1405.81,1421.49,87517,XAU,seed
2020-08-12,1424.06,1432.02,1411.19,1424.41,171963,XAU,seed
2020-08-13,1441.18,1450.36,1441.18,1444.15,204028,XAU,seed
2020-08-14,1433.92,1438.13,1430.65,1432.28,150845,XAU,seed
2020-08-17,1436.22,1441.05,1432.58,1437.24,233311,XAU,seed
2020-08-18,1426.83,1426.89,1416.38,1425.48,229778,XAU,seed
2020-08-19,1436.94,1436.94,1419.86,1433.41,286698,XAU,seed
2020-08-20,1428.4,1433.57,1419.36,1427.49,212762,XAU,seed
2020-08-21,1430.1,1430.1,1424.3,1427.81,75470,XAU,seed
2020-08-24,1445.31,1455.84,1443.51,1446.97,241983,XAU,seed
2020-08-25,1469.74,1475.51,1468.77,1471.27,256179,XAU,seed
2020-08-26,1430.7,1441.96,1423.46,1430.43,117363,XAU,seed
2020-08-27,1467.77,1467.8,1449.46,1463.66,260824,XAU,seed
2020-08-28,1492.19,1509.91,1492.19,1495.41,239849,XAU,seed
2020-08-31,1491.39,1491.39,1487.16,1488.3,153435,XAU,seed
2020-09-01,1508.71,1514.38,1499.15,1509.12,203238,XAU,seed
2020-09-02,1491.15,1496.13,1484.8,1492.3,212410,XAU,seed
2020-09-03,1512.34,1512.34,1505.9,1508.58,265968,XAU,seed
2020-09-04,1485.42,1485.77,1482.58,1484.09,59754,XAU,seed
2020-09-07,1474.61,1481.21,1474.61,1478.18,168919,XAU,seed
2020-09-08,1453.2,1460.84,1449.08,1451.49,240473,XAU,seed
2020-09-09,1457.78,1468.76,1457.78,1461.29,299435,XAU,seed
2020-09-10,1454.69,1462.19,1454.69,1457.17,145075,XAU,seed
2020-09-11,1477.92,1484.43,1476.56,1477.53,154369,XAU,seed
2020-09-14,1475.04,1475.04,1468.2,1471.08,105602,XAU,seed
2020-09-15,1453.66,1459.1,1452.55,1457.85,83010,XAU,seed
2020-09-16,1463.68,1469.94,1457.55,1460.79,263136,XAU,seed
2020-09-17,1467.95,1471.51,1467.95,1471.07,275026,XAU,seed
2020-09-18,1520.34,1521.08,1516.48,1519.98,277134,XAU,seed
2020-09-21,1525.94,1525.94,1516.57,1523.29,95677,XAU,seed
2020-09-22,1522.19,1524.99,1521.1,1522.91,167512,XAU,seed
2020-09-23,1523.31,1545.3,1523.31,1526.89,61367,XAU,seed
2020-09-24,1523.57,1525.6,1511.76,1522.12,58165,XAU,seed
2020-09-25,1539.52,1543.92,1532.19,1540.42,288472,XAU,seed
2020-09-28,1505.6,1509.54,1504.06,1507.2,213661,XAU,seed
2020-09-29,1492.14,1502.88,1492.14,1493.7,168938,XAU,seed
2020-09-30,1479.43,1484.94,1469.74,1476.83,280085,XAU,seed
2020-10-01,1477.83,1485.45,1477.83,1480.36,138848,XAU,seed
2020-10-02,1490.56,1490.98,1482.56,1488.51,116817,XAU,seed
2020-10-05,1486.1,1495.1,1476.61,1482.33,74439,XAU,seed
2020-10-06,1457.35,1460.22,1456.59,1458.46,197216,XAU,seed
2020-10-07,1436.17,1448.93,1424.75,1436.94,160870,XAU,seed
2020-10-08,1458.64,1460.02,1450.56,1454.55,201497,XAU,seed
2020-10-09,1445.59,1449.6,1440.25,1445.75,195821,XAU,seed
2020-10-12,1428.76,1432.98,1415.22,1428.13,251177,XAU,seed
2020-10-13,1438.85,1453.93,1434.9,1437.62,267438,XAU,seed
2020-10-14,1434.76,1437.98,1420.56,1436.72,142018,XAU,seed
2020-10-15,1469.99,1472.71,1467.03,1469.41,215982,XAU,seed
2020-10-16,1477.12,1482.63,1471.15,1476.85,91263,XAU,seed
2020-10-19,1462.03,1462.4,1458.33,1459.6,63791,XAU,seed
2020-10-20,1471.18,1482.12,1471.18,1475.16,161152,XAU,seed
2020-10-21,1456.26,1458.36,1454.66,1458.25,162699,XAU,seed
2020-10-22,1478.16,1483.59,1476.27,1477.33,107807,XAU,seed
2020-10-23,1456.17,1462.08,1455.71,1460.48,85975,XAU,seed
2020-10-26,1458.77,1469.86,1458.77,1462.1,83865,XAU,seed
2020-10-27,1444.35,1450.89,1433.01,1444.34,68894,XAU,seed
2020-10-28,1423.5,1426.82,1423.33,1424.05,132066,XAU,seed
2020-10-29,1408.18,1409.44,1404.69,1406.41,55467,XAU,seed
2020-10-30,1419.96,1426.65,1413.47,1416.15,144857,XAU,seed
2020-11-02,1440.16,1449.83,1437.73,1442.38,153747,XAU,seed
2020-11-03,1458.53,1461.5,1458.11,1460.97,215996,XAU,seed
2020-11-04,1479.56,1482.92,1466.31,1475.96,264682,XAU,seed
2020-11-05,1467.3,1470.98,1466.27,1470.81,90073,XAU,seed
2020-11-06,1469.91,1474.0,1464.26,1472.77,247773,XAU,seed
2020-11-09,1455.28,1461.39,1446.65,1453.7,213714,XAU,seed
2020-11-10,1433.78,1442.86,1432.38,1435.36,215513,XAU,seed
2020-11-11,1427.86,1437.84,1427.86,1431.67,168466,XAU,seed
2020-11-12,1445.02,1459.11,1431.16,1446.87,73670,XAU,seed
2020-11-13,1432.85,1445.13,1428.92,1433.17,284848,XAU,seed
2020-11-16,1468.01,1471.17,1458.13,1467.38,181430,XAU,seed
2020-11-17,1467.69,1476.63,1467.2,1471.19,237253,XAU,seed
2020-11-18,1487.78,1497.93,1469.82,1491.91,187381,XAU,seed
2020-11-19,1481.7,1484.39,1475.39,1482.83,138700,XAU,seed
2020-11-20,1482.13,1484.32,1475.26,1480.97,196266,XAU,seed
2020-11-23,1477.61,1484.52,1462.26,1475.63,278925,XAU,seed
2020-11-24,1481.45,1485.52,1476.81,1480.0,221980,XAU,seed
2020-11-25,1476.12,1481.16,1472.87,1475.28,148744,XAU,seed
2020-11-26,1463.49,1471.96,1449.76,1466.76,229677,XAU,seed
2020-11-27,1474.82,1474.82,1473.24,1473.31,130967,XAU,seed
2020-11-30,1482.51,1483.82,1478.08,1478.54,86061,XAU,seed
2020-12-01,1489.23,1495.91,1486.22,1486.66,243631,XAU,seed
2020-12-02,1489.03,1490.9,1486.56,1490.49,148754,XAU,seed
2020-12-03,1498.55,1508.26,1485.41,1496.81,239053,XAU,seed
2020-12-04,1483.25,1483.25,1473.68,1481.68,124692,XAU,seed
2020-12-07,1480.19,1483.87,1463.36,1482.56,255617,XAU,seed
2020-12-08,1451.77,1472.74,1446.09,1452.92,171026,XAU,seed
2020-12-09,1456.77,1460.52,1454.63,1456.74,102349,XAU,seed
2020-12-10,1457.76,1469.34,1448.43,1459.95,195369,XAU,seed
2020-12-11,1483.92,1485.97,1481.58,1483.77,92024,XAU,seed
2020-12-14,1476.04,1495.7,1472.32,1479.17,108205,XAU,seed
2020-12-15,1497.3,1499.9,1489.62,1493.44,148031,XAU,seed
2020-12-16,1497.51,1515.68,1495.58,1498.63,269985,XAU,seed
2020-12-17,1492.63,1512.03,1491.82,1495.81,173851,XAU,seed
2020-12-18,1495.11,1495.11,1493.02,1493.27,70768,XAU,seed
2020-12-21,1501.96,1514.72,1501.35,1505.13,160953,XAU,seed
2020-12-22,1514.26,1523.63,1513.73,1516.07,258115,XAU,seed
2020-12-23,1515.28,1521.6,1512.22,1512.23,215663,XAU,seed
2020-12-24,1497.19,1509.76,1495.95,1500.4,113062,XAU,seed
2020-12-25,1492.79,1498.26,1490.24,1491.28,299929,XAU,seed
2020-12-28,1476.9,1479.5,1470.14,1472.59,173243,XAU,seed
2020-12-29,1487.41,1488.66,1481.55,1488.54,67710,XAU,seed
2020-12-30,1475.27,1475.75,1462.23,1474.13,137167,XAU,seed
2020-12-31,1483.28,1493.44,1473.79,1484.72,229485,XAU,seed
2021-01-01,1461.95,1461.95,1458.35,1460.8,253473,XAU,seed
2021-01-04,1462.76,1469.28,1450.62,1465.38,132731,XAU,seed
2021-01-05,1488.01,1489.12,1482.14,1483.66,247470,XAU,seed
2021-01-06,1479.25,1486.33,1472.85,1476.04,121622,XAU,seed
2021-01-07,1491.04,1491.04,1471.8,1487.56,151356,XAU,seed
2021-01-08,1484.14,1491.33,1472.63,1482.43,119919,XAU,seed
2021-01-11,1487.44,1502.29,1482.88,1491.2,192992,XAU,seed
2021-01-12,1488.04,1491.87,1481.82,1489.58,238131,XAU,seed
2021-01-13,1466.46,1482.07,1463.87,1467.77,142421,XAU,seed
2021-01-14,1456.53,1456.53,1452.9,1455.31,225946,XAU,seed
2021-01-15,1448.51,1453.57,1429.77,1445.9,87428,XAU,seed
2021-01-18,1459.78,1464.08,1456.5,1460.32,219125,XAU,seed
2021-01-19,1450.84,1458.89,1443.55,1450.26,298728,XAU,seed
2021-01-20,1435.18,1443.29,1433.59,1438.83,132414,XAU,seed
2021-01-21,1428.88,1432.96,1423.82,1432.2,151446,XAU,seed
2021-01-22,1441.77,1441.77,1434.6,1439.4,210399,XAU,seed
2021-01-25,1431.95,1442.09,1422.27,1432.03,168500,XAU,seed
2021-01-26,1448.45,1451.16,1426.58,1444.14,133778,XAU,seed
2021-01-27,1432.72,1433.81,1426.44,1432.29,91289,XAU,seed
2021-01-28,1425.35,1426.47,1416.0,1424.17,81814,XAU,seed
2021-01-29,1450.23,1459.39,1450.23,1452.52,200019,XAU,seed
2021-02-01,1433.94,1435.81,1431.52,1433.49,131078,XAU,seed
2021-02-02,1413.78,1420.11,1410.1,1413.96,200706,XAU,seed
2021-02-03,1453.41,1462.59,1448.78,1452.17,140312,XAU,seed
2021-02-04,1473.99,1484.26,1466.94,1473.54,83825,XAU,seed
2021-02-05,1438.0,1444.8,1438.0,1441.84,93163,XAU,seed
2021-02-08,1459.47,1470.25,1459.02,1461.88,124461,XAU,seed
2021-02-09,1470.45,1472.87,1468.07,1469.26,129383,XAU,seed
2021-02-10,1465.57,1472.42,1459.06,1464.33,94879,XAU,seed
2021-02-11,1451.79,1456.0,1443.06,1450.87,266330,XAU,seed
2021-02-12,1459.54,1459.54,1449.96,1455.62,105262,XAU,seed
2021-02-15,1459.04,1468.07,1457.7,1457.83,125935,XAU,seed
2021-02-16,1447.53,1452.35,1442.82,1449.74,168893,XAU,seed
2021-02-17,1454.69,1460.11,1454.69,1455.22,209032,XAU,seed
2021-02-18,1473.91,1482.28,1473.91,1475.51,154521,XAU,seed
2021-02-19,1487.18,1490.14,1479.07,1486.63,120116,XAU,seed
2021-02-22,1474.55,1492.45,1473.56,1478.53,159611,XAU,seed
2021-02-23,1476.31,1483.87,1470.75,1479.33,131976,XAU,seed
2021-02-24,1487.73,1498.24,1480.16,1483.32,180382,XAU,seed
2021-02-25,1523.25,1528.39,1522.1,1523.2,142509,XAU,seed
2021-02-26,1537.61,1543.03,1527.13,1536.71,124907,XAU,seed
2021-03-01,1504.97,1514.57,1497.42,1505.59,250240,XAU,seed
2021-03-02,1497.87,1508.51,1497.87,1501.91,125655,XAU,seed
2021-03-03,1522.4,1524.23,1497.54,1519.99,228362,XAU,seed
2021-03-04,1510.07,1529.3,1497.81,1513.73,196232,XAU,seed
2021-03-05,1537.53,1549.37,1537.53,1540.31,61876,XAU,seed
2021-03-08,1569.86,1571.42,1566.46,1567.0,284129,XAU,seed
2021-03-09,1553.3,1564.64,1532.02,1552.25,243808,XAU,seed
2021-03-10,1565.43,1574.43,1564.81,1565.36,197567,XAU,seed
2021-03-11,1554.88,1566.13,1536.81,1556.11,203014,XAU,seed
2021-03-12,1547.09,1550.8,1536.09,1543.64,119607,XAU,seed
2021-03-15,1576.04,1584.54,1567.54,1573.43,202967,XAU,seed
2021-03-16,1555.16,1555.16,1545.6,1553.1,265393,XAU,seed
2021-03-17,1555.91,1555.91,1550.78,1551.74,132232,XAU,seed
2021-03-18,1534.18,1547.47,1534.18,1536.91,173628,XAU,seed
2021-03-19,1552.64,1560.16,1552.64,1556.73,135209,XAU,seed
2021-03-22,1575.7,1585.29,1574.51,1576.86,189756,XAU,seed
2021-03-23,1571.02,1571.02,1557.39,1568.46,231747,XAU,seed
2021-03-24,1571.45,1571.45,1560.66,1567.15,296804,XAU,seed
2021-03-25,1579.96,1585.24,1570.05,1581.97,133110,XAU,seed
2021-03-26,1564.52,1564.52,1554.13,1560.45,200333,XAU,seed
2021-03-29,1557.95,1561.52,1535.91,1553.48,260925,XAU,seed
2021-03-30,1561.23,1572.52,1548.56,1556.98,221959,XAU,seed
2021-03-31,1553.87,1574.22,1552.31,1556.65,232497,XAU,seed
2021-04-01,1558.26,1558.26,1553.5,1556.01,287288,XAU,seed
2021-04-02,1528.6,1543.13,1526.4,1532.71,76357,XAU,seed
2021-04-05,1533.6,1533.78,1528.72,1529.34,221151,XAU,seed
2021-04-06,1561.62,1568.12,1542.71,1561.83,134192,XAU,seed
2021-04-07,1563.49,1564.24,1556.34,1560.98,243642,XAU,seed
2021-04-08,1558.53,1561.97,1540.35,1554.68,96081,XAU,seed
2021-04-09,1562.55,1562.55,1554.54,1559.41,246346,XAU,seed
2021-04-12,1602.01,1608.74,1597.8,1598.4,78128,XAU,seed
2021-04-13,1612.81,1619.46,1605.63,1613.25,283114,XAU,seed
2021-04-14,1645.83,1647.57,1642.38,1646.15,92596,XAU,seed
2021-04-15,1645.7,1650.97,1642.89,1643.55,127338,XAU,seed
2021-04-16,1613.41,1627.22,1603.02,1616.56,266790,XAU,seed
2021-04-19,1601.9,1621.58,1590.07,1602.86,175161,XAU,seed
2021-04-20,1595.12,1598.62,1584.09,1597.41,136409,XAU,seed
2021-04-21,1584.23,1595.83,1578.85,1588.89,66285,XAU,seed
2021-04-22,1576.5,1586.72,1563.26,1579.73,282731,XAU,seed
2021-04-23,1572.27,1581.59,1572.27,1575.89,211120,XAU,seed
2021-04-26,1584.11,1607.13,1577.69,1584.32,147943,XAU,seed
2021-04-27,1565.63,1577.15,1563.2,1565.91,107255,XAU,seed
2021-04-28,1569.22,1570.54,1559.0,1568.31,188457,XAU,seed
2021-04-29,1567.4,1575.93,1563.06,1566.79,182510,XAU,seed
2021-04-30,1570.44,1578.79,1566.88,1573.61,228335,XAU,seed
2021-05-03,1576.55,1594.77,1576.55,1580.43,168864,XAU,seed
2021-05-04,1593.73,1604.22,1588.82,1593.12,130784,XAU,seed
2021-05-05,1593.68,1593.68,1580.21,1590.66,61872,XAU,seed
2021-05-06,1567.6,1582.64,1561.07,1567.21,294783,XAU,seed
2021-05-07,1550.79,1561.11,1545.41,1553.77,241178,XAU,seed
2021-05-10,1547.98,1554.93,1532.93,1543.41,287703,XAU,seed
2021-05-11,1543.18,1543.18,1535.98,1538.89,275518,XAU,seed
2021-05-12,1533.59,1545.41,1531.02,1533.25,108376,XAU,seed
2021-05-13,1552.62,1560.18,1545.34,1548.18,161182,XAU,seed
2021-05-14,1515.57,1521.33,1512.85,1517.87,295736,XAU,seed
2021-05-17,1534.28,1544.28,1529.62,1538.6,295429,XAU,seed
2021-05-18,1538.58,1542.92,1538.58,1541.3,206705,XAU,seed
2021-05-19,1523.32,1533.55,1523.32,1525.66,191494,XAU,seed
2021-05-20,1528.9,1539.31,1528.9,1532.98,263853,XAU,seed
2021-05-21,1553.4,1554.7,1538.48,1552.68,112102,XAU,seed
2021-05-24,1551.6,1551.6,1543.66,1550.11,65979,XAU,seed
2021-05-25,1531.49,1534.55,1519.05,1529.33,195712,XAU,seed
2021-05-26,1489.33,1491.58,1473.92,1485.39,133554,XAU,seed
2021-05-27,1478.53,1484.02,1471.89,1480.31,113168,XAU,seed
2021-05-28,1490.68,1494.5,1473.31,1488.83,197426,XAU,seed
2021-05-31,1475.1,1479.16,1471.19,1474.84,136576,XAU,seed
2021-06-01,1456.3,1463.03,1446.87,1453.28,99933,XAU,seed
2021-06-02,1469.46,1471.31,1467.84,1468.54,260934,XAU,seed
2021-06-03,1471.41,1485.6,1468.97,1470.89,137284,XAU,seed
2021-06-04,1457.23,1464.17,1448.59,1459.75,245789,XAU,seed
2021-06-07,1476.36,1482.61,1475.59,1478.64,289894,XAU,seed
2021-06-08,1478.12,1490.51,1477.79,1480.05,130851,XAU,seed
2021-06-09,1479.05,1496.06,1466.96,1479.07,173074,XAU,seed
2021-06-10,1477.93,1481.43,1477.93,1480.56,276514,XAU,seed
2021-06-11,1480.52,1491.6,1478.76,1482.65,159465,XAU,seed
2021-06-14,1477.68,1485.11,1477.68,1480.08,194347,XAU,seed
2021-06-15,1464.49,1474.94,1449.41,1466.63,218216,XAU,seed
2021-06-16,1467.94,1468.3,1462.67,1465.89,193273,XAU,seed
2021-06-17,1431.25,1432.45,1428.95,1430.89,58866,XAU,seed
2021-06-18,1437.34,1437.34,1434.36,1434.61,86042,XAU,seed
2021-06-21,1443.13,1449.88,1440.85,1441.34,147832,XAU,seed
2021-06-22,1466.73,1472.08,1457.32,1462.92,54123,XAU,seed
2021-06-23,1479.52,1489.72,1479.52,1483.87,125153,XAU,seed
2021-06-24,1515.93,1520.09,1498.76,1514.35,78053,XAU,seed
2021-06-25,1530.2,1536.85,1528.59,1532.59,142914,XAU,seed
2021-06-28,1530.04,1539.41,1525.71,1531.21,232776,XAU,seed
2021-06-29,1538.74,1544.16,1523.05,1535.53,249120,XAU,seed
2021-06-30,1551.83,1563.9,1551.31,1552.97,234246,XAU,seed
2021-07-01,1562.39,1565.17,1553.14,1563.0,274909,XAU,seed
2021-07-02,1603.92,1603.92,1582.82,1599.9,231479,XAU,seed
2021-07-05,1611.27,1632.1,1607.37,1615.66,285749,XAU,seed
2021-07-06,1588.18,1592.07,1588.18,1591.24,104305,XAU,seed
2021-07-07,1568.93,1569.45,1565.06,1566.93,92585,XAU,seed
2021-07-08,1550.26,1551.28,1538.36,1547.01,150622,XAU,seed
2021-07-09,1552.34,1552.34,1538.8,1547.81,140664,XAU,seed
2021-07-12,1568.78,1572.82,1554.31,1565.59,206135,XAU,seed
2021-07-13,1538.23,1546.12,1518.69,1542.59,178608,XAU,seed
2021-07-14,1544.85,1550.04,1536.56,1546.0,149633,XAU,seed
2021-07-15,1569.68,1569.68,1563.72,1566.88,90428,XAU,seed
2021-07-16,1542.3,1551.12,1540.83,1545.5,73991,XAU,seed
2021-07-19,1559.32,1561.14,1556.5,1560.63,99123,XAU,seed
2021-07-20,1541.45,1544.0,1539.32,1541.34,195285,XAU,seed
2021-07-21,1559.37,1565.88,1556.73,1561.01,151659,XAU,seed
2021-07-22,1567.08,1572.35,1566.25,1566.52,186604,XAU,seed
2021-07-23,1571.77,1578.08,1566.47,1575.18,66585,XAU,seed
2021-07-26,1580.69,1584.12,1575.26,1582.59,297522,XAU,seed
2021-07-27,1584.48,1584.85,1580.04,1583.59,129864,XAU,seed
2021-07-28,1604.91,1613.25,1590.71,1601.63,165401,XAU,seed
2021-07-29,1589.17,1589.98,1585.06,1585.75,134060,XAU,seed
2021-07-30,1564.73,1568.39,1557.85,1564.93,133660,XAU,seed
2021-08-02,1558.5,1563.74,1555.92,1558.58,148580,XAU,seed
2021-08-03,1552.11,1558.08,1551.22,1553.36,193033,XAU,seed
2021-08-04,1561.88,1569.0,1547.77,1566.32,104958,XAU,seed
2021-08-05,1555.4,1559.42,1541.04,1553.6,157254,XAU,seed
2021-08-06,1547.89,1549.8,1545.24,1549.72,160920,XAU,seed
2021-08-09,1556.38,1559.6,1550.79,1551.81,182805,XAU,seed
2021-08-10,1582.37,1603.4,1578.38,1583.14,233929,XAU,seed
2021-08-11,1602.16,1612.63,1593.86,1600.83,222386,XAU,seed
2021-08-12,1596.97,1606.48,1591.45,1595.89,219539,XAU,seed
2021-08-13,1577.24,1577.24,1572.36,1572.84,117826,XAU,seed
2021-08-16,1578.89,1580.47,1573.19,1578.34,148073,XAU,seed
2021-08-17,1556.66,1562.98,1555.81,1555.83,56438,XAU,seed
2021-08-18,1546.01,1554.6,1534.65,1542.12,241404,XAU,seed
2021-08-19,1551.43,1554.23,1543.25,1551.84,174823,XAU,seed
2021-08-20,1574.36,1576.98,1573.83,1574.81,236326,XAU,seed
2021-08-23,1602.18,1602.88,1596.45,1600.76,244114,XAU,seed
2021-08-24,1598.39,1620.44,1594.24,1601.65,110779,XAU,seed
2021-08-25,1606.47,1613.94,1602.75,1609.49,243301,XAU,seed
2021-08-26,1602.04,1610.73,1593.11,1601.15,103945,XAU,seed
2021-08-27,1599.61,1609.42,1590.08,1596.77,190742,XAU,seed
2021-08-30,1602.87,1604.52,1587.36,1603.28,188337,XAU,seed
2021-08-31,1617.7,1621.89,1616.29,1618.78,142270,XAU,seed
2021-09-01,1636.35,1636.35,1626.67,1633.27,211083,XAU,seed
2021-09-02,1609.47,1611.56,1607.26,1611.27,147859,XAU,seed
2021-09-03,1603.61,1609.51,1598.38,1604.39,98694,XAU,seed
2021-09-06,1587.16,1587.61,1581.12,1583.18,93742,XAU,seed
2021-09-07,1572.38,1576.62,1572.38,1574.13,144119,XAU,seed
2021-09-08,1590.84,1601.38,1586.93,1593.75,221198,XAU,seed
2021-09-09,1567.03,1572.68,1560.15,1567.82,71671,XAU,seed
2021-09-10,1537.77,1545.73,1537.77,1540.35,125673,XAU,seed
2021-09-13,1552.31,1552.31,1540.31,1550.05,79677,XAU,seed
2021-09-14,1538.87,1548.07,1537.92,1538.47,248386,XAU,seed
2021-09-15,1565.65,1568.84,1564.98,1565.21,267598,XAU,seed
2021-09-16,1561.81,1564.27,1557.09,1558.31,276020,XAU,seed
2021-09-17,1570.94,1570.94,1560.62,1566.3,262520,XAU,seed
2021-09-20,1568.11,1571.09,1559.44,1564.72,211520,XAU,seed
2021-09-21,1569.96,1579.53,1569.96,1572.72,123684,XAU,seed
2021-09-22,1569.09,1569.09,1554.76,1564.6,299665,XAU,seed
2021-09-23,1598.55,1613.75,1585.29,1596.83,255964,XAU,seed
2021-09-24,1589.97,1599.0,1581.82,1592.1,84784,XAU,seed
2021-09-27,1595.77,1595.77,1580.7,1592.63,178308,XAU,seed
2021-09-28,1609.96,1610.98,1606.47,1608.73,258299,XAU,seed
2021-09-29,1615.08,1618.27,1596.27,1614.93,146749,XAU,seed
2021-09-30,1596.58,1606.31,1584.45,1595.8,74416,XAU,seed
2021-10-01,1595.52,1595.77,1591.71,1593.95,190096,XAU,seed
2021-10-04,1561.03,1564.87,1557.77,1558.0,124342,XAU,seed
2021-10-05,1547.33,1553.78,1546.06,1546.71,228926,XAU,seed
2021-10-06,1548.75,1548.75,1546.38,1547.58,293645,XAU,seed
2021-10-07,1554.91,1564.65,1554.91,1559.59,230510,XAU,seed
2021-10-08,1588.35,1601.7,1578.69,1590.24,74468,XAU,seed
2021-10-11,1582.02,1587.15,1580.53,1583.23,153898,XAU,seed
2021-10-12,1566.48,1567.17,1562.62,1564.09,74951,XAU,seed
2021-10-13,1580.78,1586.05,1572.44,1584.27,52434,XAU,seed
2021-10-14,1597.15,1608.67,1591.32,1600.8,175226,XAU,seed
2021-10-15,1619.22,1622.59,1612.77,1616.98,280945,XAU,seed
2021-10-18,1615.18,1620.29,1603.96,1612.15,227507,XAU,seed
2021-10-19,1621.5,1631.44,1619.21,1626.29,239381,XAU,seed
2021-10-20,1637.75,1640.22,1627.75,1633.63,106949,XAU,seed
2021-10-21,1643.7,1648.05,1636.9,1641.21,162561,XAU,seed
2021-10-22,1635.61,1646.78,1632.55,1637.8,207288,XAU,seed
2021-10-25,1639.97,1651.26,1632.98,1635.64,279592,XAU,seed
2021-10-26,1629.31,1629.31,1622.4,1629.21,64304,XAU,seed
2021-10-27,1633.87,1641.01,1632.44,1636.43,217269,XAU,seed
2021-10-28,1623.33,1637.49,1617.13,1618.69,84598,XAU,seed
2021-10-29,1592.83,1598.29,1592.18,1593.58,173473,XAU,seed
2021-11-01,1618.47,1628.95,1618.47,1623.18,60440,XAU,seed
2021-11-02,1661.59,1665.59,1649.82,1662.61,251093,XAU,seed
2021-11-03,1634.64,1649.79,1634.64,1638.75,122736,XAU,seed
2021-11-04,1649.74,1650.3,1644.81,1645.58,135655,XAU,seed
2021-11-05,1629.6,1629.6,1623.6,1626.33,233153,XAU,seed
2021-11-08,1583.9,1587.01,1568.36,1586.39,80405,XAU,seed
2021-11-09,1562.34,1564.8,1551.3,1564.13,81311,XAU,seed
2021-11-10,1569.33,1581.21,1569.33,1573.95,185586,XAU,seed
2021-11-11,1576.97,1589.74,1570.27,1580.12,120454,XAU,seed
2021-11-12,1583.46,1583.92,1572.47,1579.67,187325,XAU,seed
2021-11-15,1606.34,1613.43,1601.48,1605.6,144404,XAU,seed
2021-11-16,1636.04,1647.08,1627.52,1639.31,284427,XAU,seed
2021-11-17,1611.54,1616.59,1611.54,1614.17,276211,XAU,seed
2021-11-18,1618.78,1624.56,1617.66,1620.1,274784,XAU,seed
2021-11-19,1654.36,1655.53,1647.35,1652.24,115080,XAU,seed
2021-11-22,1625.6,1634.77,1624.13,1627.83,181607,XAU,seed
2021-11-23,1622.89,1628.07,1622.89,1625.59,155100,XAU,seed
2021-11-24,1642.19,1648.45,1638.28,1644.34,194989,XAU,seed
2021-11-25,1626.16,1631.07,1615.16,1628.2,113591,XAU,seed
2021-11-26,1605.42,1606.24,1600.25,1605.49,286045,XAU,seed
2021-11-29,1572.79,1577.67,1572.79,1576.09,191962,XAU,seed
2021-11-30,1561.31,1561.31,1557.66,1557.78,222308,XAU,seed
2021-12-01,1536.6,1544.49,1517.27,1538.38,160052,XAU,seed
2021-12-02,1537.48,1537.48,1529.62,1532.91,291506,XAU,seed
2021-12-03,1536.36,1543.91,1531.97,1537.16,246057,XAU,seed
2021-12-06,1540.77,1545.46,1540.77,1544.17,198850,XAU,seed
2021-12-07,1564.48,1571.91,1553.18,1567.95,292756,XAU,seed
2021-12-08,1579.08,1579.46,1571.14,1576.86,69578,XAU,seed
2021-12-09,1588.73,1589.06,1583.78,1586.16,167851,XAU,seed
2021-12-10,1569.64,1574.52,1568.12,1569.3,130821,XAU,seed
2021-12-13,1533.45,1539.54,1531.1,1537.22,234734,XAU,seed
2021-12-14,1539.19,1539.19,1533.13,1536.1,115069,XAU,seed
2021-12-15,1549.09,1557.64,1539.58,1553.29,95578,XAU,seed
2021-12-16,1570.47,1570.99,1564.97,1570.92,171121,XAU,seed
2021-12-17,1592.59,1609.1,1590.96,1596.22,108271,XAU,seed
2021-12-20,1617.91,1627.1,1610.64,1619.15,202652,XAU,seed
2021-12-21,1581.84,1591.15,1581.84,1585.88,219341,XAU,seed
2021-12-22,1581.63,1581.63,1571.57,1577.79,61192,XAU,seed
2021-12-23,1587.54,1595.11,1578.32,1583.51,180056,XAU,seed
2021-12-24,1607.0,1611.3,1605.11,1610.16,123362,XAU,seed
2021-12-27,1602.29,1609.77,1593.45,1601.2,180781,XAU,seed
2021-12-28,1578.65,1583.62,1578.6,1582.82,102286,XAU,seed
2021-12-29,1561.63,1573.78,1561.63,1563.99,55119,XAU,seed
2021-12-30,1593.36,1603.54,1592.18,1594.71,289252,XAU,seed
2021-12-31,1578.91,1591.61,1578.91,1581.09,57681,XAU,seed
2022-01-03,1601.45,1615.55,1601.45,1605.71,251023,XAU,seed
2022-01-04,1591.86,1595.2,1589.19,1595.12,189903,XAU,seed
2022-01-05,1607.23,1617.19,1607.23,1611.52,271906,XAU,seed
2022-01-06,1633.84,1634.61,1629.32,1629.58,112010,XAU,seed
2022-01-07,1605.05,1605.05,1602.16,1603.15,233647,XAU,seed
2022-01-10,1586.65,1604.41,1585.24,1590.07,262441,XAU,seed
2022-01-11,1603.77,1609.09,1603.77,1605.6,110980,XAU,seed
2022-01-12,1603.03,1608.68,1593.61,1603.24,261404,XAU,seed
2022-01-13,1627.04,1627.04,1617.01,1622.96,55744,XAU,seed
2022-01-14,1636.73,1647.94,1633.82,1640.25,145653,XAU,seed
2022-01-17,1662.15,1662.15,1655.42,1657.76,129105,XAU,seed
2022-01-18,1638.75,1647.25,1631.95,1636.47,177716,XAU,seed
2022-01-19,1634.96,1636.89,1612.8,1630.38,256305,XAU,seed
2022-01-20,1617.48,1623.92,1605.35,1614.44,127205,XAU,seed
2022-01-21,1639.44,1642.77,1632.46,1635.04,252068,XAU,seed
2022-01-24,1641.05,1658.92,1629.82,1640.04,107906,XAU,seed
2022-01-25,1635.1,1636.74,1632.26,1635.13,140914,XAU,seed
2022-01-26,1650.31,1657.48,1639.66,1646.5,217536,XAU,seed
2022-01-27,1640.05,1648.04,1632.63,1644.87,141876,XAU,seed
2022-01-28,1640.08,1655.07,1636.23,1645.0,93604,XAU,seed
2022-01-31,1660.15,1665.04,1660.15,1661.36,175695,XAU,seed
2022-02-01,1670.24,1670.24,1658.63,1667.65,259504,XAU,seed
2022-02-02,1675.04,1680.0,1675.04,1676.86,94592,XAU,seed
2022-02-03,1681.41,1707.47,1677.39,1685.71,138591,XAU,seed
2022-02-04,1664.94,1684.63,1661.26,1665.11,93253,XAU,seed
2022-02-07,1645.98,1661.3,1630.9,1650.4,157290,XAU,seed
2022-02-08,1643.72,1643.72,1634.82,1641.46,112271,XAU,seed
2022-02-09,1657.38,1659.65,1656.73,1656.89,51000,XAU,seed
2022-02-10,1645.36,1648.19,1640.53,1643.76,56746,XAU,seed
2022-02-11,1655.88,1655.88,1650.48,1651.16,255750,XAU,seed
2022-02-14,1636.48,1643.51,1629.35,1634.9,98465,XAU,seed
2022-02-15,1620.23,1631.68,1620.23,1623.28,119048,XAU,seed
2022-02-16,1621.6,1626.04,1613.81,1625.87,72467,XAU,seed
2022-02-17,1609.62,1610.68,1604.67,1610.45,65986,XAU,seed
2022-02-18,1627.91,1644.65,1625.08,1628.7,174472,XAU,seed
2022-02-21,1615.49,1629.97,1607.71,1617.44,59103,XAU,seed
2022-02-22,1583.0,1584.99,1570.28,1580.15,81531,XAU,seed
2022-02-23,1603.06,1603.06,1593.97,1598.76,100521,XAU,seed
2022-02-24,1616.97,1637.69,1601.31,1612.24,214423,XAU,seed
2022-02-25,1625.31,1629.18,1612.46,1627.07,72813,XAU,seed
2022-02-28,1612.19,1615.33,1605.06,1613.87,278973,XAU,seed
2022-03-01,1642.94,1642.94,1638.14,1642.08,89227,XAU,seed
2022-03-02,1659.56,1674.51,1650.01,1656.99,197504,XAU,seed
2022-03-03,1667.08,1675.85,1651.74,1663.41,119241,XAU,seed
2022-03-04,1649.4,1654.76,1646.78,1648.32,87710,XAU,seed
2022-03-07,1627.79,1642.03,1618.56,1628.75,231014,XAU,seed
2022-03-08,1635.68,1635.68,1630.56,1631.56,264272,XAU,seed
2022-03-09,1639.61,1644.07,1626.58,1636.25,277776,XAU,seed
2022-03-10,1641.24,1641.24,1631.72,1638.84,241050,XAU,seed
2022-03-11,1613.96,1620.61,1602.36,1616.99,244234,XAU,seed
2022-03-14,1595.06,1609.52,1591.38,1596.26,67201,XAU,seed
2022-03-15,1585.46,1598.65,1575.8,1588.94,57588,XAU,seed
2022-03-16,1603.06,1607.89,1603.06,1605.94,63253,XAU,seed
2022-03-17,1628.41,1634.93,1621.97,1630.62,216568,XAU,seed
2022-03-18,1652.75,1664.29,1652.75,1655.31,278191,XAU,seed
2022-03-21,1631.67,1636.5,1627.81,1633.2,267807,XAU,seed
2022-03-22,1627.07,1633.7,1619.12,1628.18,106182,XAU,seed
2022-03-23,1646.63,1646.63,1636.49,1644.87,55256,XAU,seed
2022-03-24,1678.7,1681.27,1676.14,1676.86,95403,XAU,seed
2022-03-25,1672.94,1677.86,1668.7,1675.43,235956,XAU,seed
2022-03-28,1662.66,1667.58,1658.74,1663.9,172342,XAU,seed
2022-03-29,1658.5,1658.5,1656.76,1657.27,223632,XAU,seed
2022-03-30,1692.84,1697.95,1688.39,1692.22,229414,XAU,seed
2022-03-31,1702.97,1708.71,1684.95,1698.0,118458,XAU,seed
2022-04-01,1674.59,1676.89,1663.72,1673.07,112993,XAU,seed
2022-04-04,1703.79,1710.81,1693.35,1700.7,228456,XAU,seed
2022-04-05,1703.9,1709.17,1686.12,1703.92,156063,XAU,seed
2022-04-06,1702.72,1705.56,1698.19,1700.6,240460,XAU,seed
2022-04-07,1696.03,1714.53,1691.56,1694.62,143977,XAU,seed
2022-04-08,1662.91,1663.26,1655.84,1659.52,75586,XAU,seed
2022-04-11,1632.97,1647.55,1624.24,1630.77,298230,XAU,seed
2022-04-12,1620.33,1632.58,1613.75,1624.34,130500,XAU,seed
2022-04-13,1591.18,1600.04,1587.85,1592.4,80875,XAU,seed
2022-04-14,1559.48,1561.51,1557.67,1558.7,283157,XAU,seed
2022-04-15,1563.82,1570.05,1560.62,1562.13,278287,XAU,seed
2022-04-18,1565.48,1576.86,1562.8,1568.3,287665,XAU,seed
2022-04-19,1581.79,1581.79,1575.42,1578.36,137196,XAU,seed
2022-04-20,1572.75,1577.76,1571.3,1571.48,249542,XAU,seed
2022-04-21,1572.07,1578.3,1561.93,1575.3,83922,XAU,seed
2022-04-22,1556.5,1564.88,1555.75,1557.4,59889,XAU,seed
2022-04-25,1535.11,1540.99,1522.89,1530.97,189207,XAU,seed
2022-04-26,1541.87,1541.87,1528.85,1540.69,140269,XAU,seed
2022-04-27,1538.19,1539.13,1535.51,1538.16,61984,XAU,seed
2022-04-28,1536.54,1540.17,1530.47,1534.44,282777,XAU,seed
2022-04-29,1535.96,1544.13,1530.62,1531.4,93223,XAU,seed
2022-05-02,1567.09,1569.71,1555.48,1568.0,84394,XAU,seed
2022-05-03,1569.39,1578.19,1560.71,1569.35,257651,XAU,seed
2022-05-04,1602.2,1607.02,1602.2,1604.55,62572,XAU,seed
2022-05-05,1587.0,1594.64,1583.9,1591.58,149681,XAU,seed
2022-05-06,1603.56,1604.99,1589.91,1601.62,52439,XAU,seed
2022-05-09,1595.49,1595.49,1583.15,1593.93,85956,XAU,seed
2022-05-10,1562.11,1566.7,1557.71,1562.0,255720,XAU,seed
2022-05-11,1568.64,1572.25,1561.94,1571.47,102867,XAU,seed
2022-05-12,1557.67,1577.21,1555.74,1560.85,230408,XAU,seed
2022-05-13,1570.73,1583.54,1560.3,1575.43,268951,XAU,seed
2022-05-16,1562.12,1562.12,1554.9,1557.92,239681,XAU,seed
2022-05-17,1566.5,1575.58,1566.5,1569.03,171707,XAU,seed
2022-05-18,1603.45,1604.39,1593.81,1599.86,227410,XAU,seed
2022-05-19,1585.45,1589.43,1585.45,1589.31,273346,XAU,seed
2022-05-20,1604.5,1621.93,1593.85,1606.15,120335,XAU,seed
2022-05-23,1615.33,1615.63,1604.84,1612.29,169678,XAU,seed
2022-05-24,1613.76,1613.97,1599.29,1610.38,258905,XAU,seed
2022-05-25,1617.78,1631.06,1613.78,1615.58,77187,XAU,seed
2022-05-26,1598.56,1598.56,1591.12,1595.67,149549,XAU,seed
2022-05-27,1604.03,1609.95,1591.72,1600.55,283770,XAU,seed
2022-05-30,1624.48,1630.38,1624.48,1628.26,118580,XAU,seed
2022-05-31,1630.76,1640.43,1625.08,1627.16,239732,XAU,seed
2022-06-01,1584.52,1587.98,1574.72,1582.91,233652,XAU,seed
2022-06-02,1571.92,1581.3,1568.47,1569.78,218140,XAU,seed
2022-06-03,1546.24,1548.28,1545.5,1545.7,218663,XAU,seed
2022-06-06,1564.48,1569.47,1564.48,1564.77,246982,XAU,seed
2022-06-07,1556.9,1557.76,1550.81,1552.53,218641,XAU,seed
2022-06-08,1526.52,1539.76,1526.52,1530.39,73073,XAU,seed
2022-06-09,1538.74,1553.49,1538.74,1542.27,76907,XAU,seed
2022-06-10,1539.42,1545.23,1526.86,1538.97,212284,XAU,seed
2022-06-13,1517.07,1521.22,1509.59,1516.5,139352,XAU,seed
2022-06-14,1510.8,1522.62,1510.58,1513.32,212465,XAU,seed
2022-06-15,1491.3,1495.75,1491.3,1492.52,222729,XAU,seed
2022-06-16,1498.58,1501.68,1494.24,1495.62,186835,XAU,seed
2022-06-17,1494.15,1504.43,1489.94,1490.6,244644,XAU,seed
2022-06-20,1490.65,1496.24,1473.78,1489.66,152995,XAU,seed
2022-06-21,1493.91,1503.29,1485.97,1496.68,62189,XAU,seed
2022-06-22,1526.33,1526.67,1517.25,1525.51,222610,XAU,seed
2022-06-23,1513.43,1521.55,1508.9,1509.23,195024,XAU,seed
2022-06-24,1538.95,1556.43,1538.2,1539.11,96452,XAU,seed
2022-06-27,1538.74,1544.78,1529.03,1535.84,208901,XAU,seed
2022-06-28,1550.12,1568.31,1548.97,1551.19,249851,XAU,seed
2022-06-29,1550.38,1555.69,1538.36,1551.85,86223,XAU,seed
2022-06-30,1532.14,1533.46,1518.52,1529.86,275629,XAU,seed
2022-07-01,1520.1,1520.67,1514.5,1519.61,237271,XAU,seed
2022-07-04,1517.76,1527.1,1514.9,1516.19,96612,XAU,seed
2022-07-05,1489.59,1496.38,1486.57,1491.18,175926,XAU,seed
2022-07-06,1459.81,1465.05,1444.25,1457.97,189959,XAU,seed
2022-07-07,1454.15,1454.15,1451.23,1451.46,88096,XAU,seed
2022-07-08,1455.02,1461.68,1436.7,1457.06,229146,XAU,seed
2022-07-11,1459.06,1460.8,1445.68,1457.39,58468,XAU,seed
2022-07-12,1447.77,1450.95,1438.46,1446.76,108800,XAU,seed
2022-07-13,1443.94,1448.99,1433.57,1446.22,125402,XAU,seed
2022-07-14,1443.9,1455.94,1438.55,1444.92,229607,XAU,seed
2022-07-15,1433.45,1437.73,1427.64,1437.65,254714,XAU,seed
2022-07-18,1446.68,1456.67,1440.58,1449.07,146401,XAU,seed
2022-07-19,1451.04,1453.21,1431.68,1450.15,127116,XAU,seed
2022-07-20,1404.27,1419.02,1404.27,1407.86,81287,XAU,seed
2022-07-21,1397.06,1402.92,1389.84,1396.59,116850,XAU,seed
2022-07-22,1418.04,1430.07,1410.29,1414.33,206468,XAU,seed
2022-07-25,1450.47,1453.89,1442.3,1449.46,200123,XAU,seed
2022-07-26,1445.81,1461.89,1441.13,1444.01,186473,XAU,seed
2022-07-27,1460.95,1464.81,1460.95,1461.69,107985,XAU,seed
2022-07-28,1478.38,1484.78,1462.42,1479.88,212078,XAU,seed
2022-07-29,1430.12,1430.12,1427.24,1427.35,225358,XAU,seed
2022-08-01,1422.4,1425.82,1418.59,1421.19,60453,XAU,seed
2022-08-02,1419.5,1422.55,1413.6,1415.97,191619,XAU,seed
2022-08-03,1415.97,1416.92,1407.39,1415.83,183361,XAU,seed
2022-08-04,1415.24,1415.24,1403.93,1411.86,298568,XAU,seed
2022-08-05,1449.23,1456.8,1444.76,1446.86,105255,XAU,seed
2022-08-08,1437.33,1437.33,1432.64,1434.18,190969,XAU,seed
2022-08-09,1452.19,1462.35,1444.8,1450.09,68905,XAU,seed
2022-08-10,1449.99,1451.87,1447.64,1450.34,64226,XAU,seed
2022-08-11,1452.35,1463.07,1441.68,1456.1,156858,XAU,seed
2022-08-12,1438.83,1450.11,1438.27,1439.41,190203,XAU,seed
2022-08-15,1461.49,1465.38,1461.49,1465.33,272363,XAU,seed
2022-08-16,1495.81,1500.81,1493.18,1499.35,72676,XAU,seed
2022-08-17,1491.34,1493.22,1490.72,1492.4,90979,XAU,seed
2022-08-18,1483.21,1486.92,1475.27,1484.18,216211,XAU,seed
2022-08-19,1503.6,1503.6,1488.23,1499.87,147813,XAU,seed
2022-08-22,1506.08,1506.08,1501.0,1502.7,200134,XAU,seed
2022-08-23,1490.38,1490.55,1474.77,1486.39,286859,XAU,seed
2022-08-24,1488.76,1488.76,1481.83,1485.14,98232,XAU,seed
2022-08-25,1488.52,1496.85,1479.11,1491.26,273412,XAU,seed
2022-08-26,1522.17,1528.12,1514.41,1517.71,69174,XAU,seed
2022-08-29,1512.94,1517.93,1507.93,1516.59,136730,XAU,seed
2022-08-30,1499.21,1502.23,1498.82,1501.61,100724,XAU,seed
2022-08-31,1495.65,1498.0,1485.3,1494.6,198256,XAU,seed
2022-09-01,1472.07,1472.07,1462.48,1468.03,255956,XAU,seed
2022-09-02,1472.63,1475.32,1469.86,1473.2,242144,XAU,seed
2022-09-05,1464.1,1465.89,1456.22,1464.58,78529,XAU,seed
2022-09-06,1477.98,1477.98,1471.81,1474.95,191195,XAU,seed
2022-09-07,1485.26,1486.35,1468.63,1484.14,272714,XAU,seed
2022-09-08,1481.21,1488.66,1474.93,1480.48,287582,XAU,seed
2022-09-09,1496.83,1503.84,1490.62,1493.3,88963,XAU,seed
2022-09-12,1488.42,1488.42,1479.87,1486.0,171818,XAU,seed
2022-09-13,1478.13,1484.79,1478.13,1479.34,261429,XAU,seed
2022-09-14,1506.86,1507.35,1501.12,1504.54,198467,XAU,seed
2022-09-15,1532.5,1532.5,1519.47,1528.21,144056,XAU,seed
2022-09-16,1553.97,1556.99,1550.82,1556.48,225265,XAU,seed
2022-09-19,1565.7,1575.48,1565.38,1567.01,62173,XAU,seed
2022-09-20,1588.03,1602.88,1588.03,1591.82,121695,XAU,seed
2022-09-21,1599.7,1604.64,1588.94,1599.27,145760,XAU,seed
2022-09-22,1564.05,1568.23,1546.98,1568.02,108431,XAU,seed
2022-09-23,1555.99,1561.43,1551.83,1552.56,208390,XAU,seed
2022-09-26,1588.15,1589.92,1579.25,1588.72,123612,XAU,seed
2022-09-27,1590.58,1592.71,1587.98,1591.89,110383,XAU,seed
2022-09-28,1575.28,1583.03,1570.91,1578.95,204872,XAU,seed
2022-09-29,1592.35,1606.97,1592.35,1596.92,92239,XAU,seed
2022-09-30,1615.2,1615.2,1607.55,1611.42,291813,XAU,seed
2022-10-03,1632.01,1632.49,1630.42,1631.04,238625,XAU,seed
2022-10-04,1631.3,1631.3,1616.07,1626.94,173578,XAU,seed
2022-10-05,1638.04,1646.52,1626.19,1634.8,265076,XAU,seed
2022-10-06,1638.15,1644.21,1627.22,1638.05,291789,XAU,seed
2022-10-07,1613.02,1618.55,1613.02,1615.64,103044,XAU,seed
2022-10-10,1579.77,1583.0,1568.48,1578.02,96510,XAU,seed
2022-10-11,1550.66,1556.91,1545.97,1554.96,80806,XAU,seed
2022-10-12,1580.3,1580.3,1576.4,1576.5,295821,XAU,seed
2022-10-13,1581.09,1582.5,1579.17,1580.88,188888,XAU,seed
2022-10-14,1544.58,1545.58,1537.62,1544.74,260926,XAU,seed
2022-10-17,1545.47,1547.03,1541.27,1543.65,175079,XAU,seed
2022-10-18,1543.96,1555.73,1542.21,1547.83,117582,XAU,seed
2022-10-19,1561.04,1561.77,1556.49,1558.33,51885,XAU,seed
2022-10-20,1553.43,1553.69,1548.6,1550.6,161692,XAU,seed
2022-10-21,1546.8,1550.04,1540.11,1543.51,122236,XAU,seed
2022-10-24,1558.37,1570.58,1557.94,1561.14,96850,XAU,seed
2022-10-25,1544.42,1549.18,1540.04,1546.7,234941,XAU,seed
2022-10-26,1543.1,1543.82,1535.96,1539.74,255287,XAU,seed
2022-10-27,1534.42,1542.72,1532.97,1537.06,194330,XAU,seed
2022-10-28,1514.18,1526.54,1511.34,1518.26,260860,XAU,seed
2022-10-31,1530.51,1530.51,1525.51,1526.61,108135,XAU,seed
2022-11-01,1513.34,1518.23,1508.08,1511.3,222012,XAU,seed
2022-11-02,1486.85,1498.95,1481.38,1485.98,217848,XAU,seed
2022-11-03,1487.15,1492.16,1480.25,1484.03,101051,XAU,seed
2022-11-04,1506.38,1506.76,1501.68,1506.24,59453,XAU,seed
2022-11-07,1495.64,1496.51,1488.27,1491.38,154709,XAU,seed
2022-11-08,1482.7,1493.97,1480.58,1481.93,67987,XAU,seed
2022-11-09,1502.52,1509.73,1496.88,1500.48,141088,XAU,seed
2022-11-10,1514.89,1519.88,1497.52,1513.92,200708,XAU,seed
2022-11-11,1524.8,1533.15,1521.49,1524.74,139120,XAU,seed
2022-11-14,1558.3,1564.18,1544.05,1554.04,200704,XAU,seed
2022-11-15,1553.35,1560.27,1553.35,1554.49,139040,XAU,seed
2022-11-16,1573.09,1575.05,1572.5,1573.47,80479,XAU,seed
2022-11-17,1575.83,1575.83,1561.09,1573.1,259757,XAU,seed
2022-11-18,1556.49,1571.02,1555.44,1556.34,115079,XAU,seed
2022-11-21,1555.12,1558.2,1544.53,1552.8,96788,XAU,seed
2022-11-22,1541.2,1541.2,1519.05,1537.56,229072,XAU,seed
2022-11-23,1550.21,1550.21,1542.27,1548.0,119574,XAU,seed
2022-11-24,1549.22,1554.87,1548.48,1551.55,77967,XAU,seed
2022-11-25,1561.31,1561.31,1557.01,1557.06,274680,XAU,seed
2022-11-28,1552.5,1559.23,1546.45,1552.67,280945,XAU,seed
2022-11-29,1580.76,1598.35,1579.12,1580.85,123470,XAU,seed
2022-11-30,1554.8,1566.35,1554.8,1558.28,296324,XAU,seed
2022-12-01,1538.29,1541.13,1534.88,1539.27,81553,XAU,seed
2022-12-02,1535.48,1539.0,1533.35,1533.74,202307,XAU,seed
2022-12-05,1550.5,1550.5,1541.57,1547.14,120623,XAU,seed
2022-12-06,1523.47,1529.94,1523.47,1524.7,233687,XAU,seed
2022-12-07,1524.47,1534.83,1522.35,1525.38,200966,XAU,seed
2022-12-08,1515.84,1517.04,1504.74,1513.83,274476,XAU,seed
2022-12-09,1511.6,1515.5,1496.43,1507.45,96296,XAU,seed
2022-12-12,1503.61,1506.38,1493.28,1500.07,132766,XAU,seed
2022-12-13,1504.15,1510.49,1500.46,1503.59,231021,XAU,seed
2022-12-14,1507.8,1511.83,1507.14,1510.02,245190,XAU,seed
2022-12-15,1503.07,1507.8,1500.11,1502.52,55199,XAU,seed
2022-12-16,1491.56,1497.66,1483.94,1489.96,220358,XAU,seed
2022-12-19,1486.9,1491.21,1475.64,1484.4,177793,XAU,seed
2022-12-20,1483.84,1493.88,1482.17,1487.6,87971,XAU,seed
2022-12-21,1507.84,1513.1,1499.09,1503.98,156108,XAU,seed
2022-12-22,1505.08,1509.04,1501.62,1508.14,126377,XAU,seed
2022-12-23,1502.09,1513.0,1494.54,1503.03,296092,XAU,seed
2022-12-26,1493.36,1493.36,1486.76,1489.2,56055,XAU,seed
2022-12-27,1495.91,1498.62,1485.68,1498.14,105200,XAU,seed
2022-12-28,1498.5,1509.28,1495.89,1502.43,56911,XAU,seed
2022-12-29,1510.01,1513.82,1499.18,1505.53,72101,XAU,seed
2022-12-30,1484.99,1486.79,1480.61,1486.69,214228,XAU,seed
2023-01-02,1498.26,1508.1,1498.26,1501.22,289933,XAU,seed
2023-01-03,1497.4,1498.91,1491.65,1493.15,166613,XAU,seed
2023-01-04,1520.63,1527.34,1515.74,1520.27,246322,XAU,seed
2023-01-05,1506.84,1510.78,1501.64,1506.63,141008,XAU,seed
2023-01-06,1491.62,1498.05,1488.1,1495.3,90820,XAU,seed
2023-01-09,1498.51,1499.64,1490.07,1495.68,172997,XAU,seed
2023-01-10,1471.75,1472.04,1465.62,1471.83,250768,XAU,seed
2023-01-11,1457.75,1467.16,1457.75,1460.1,157934,XAU,seed
2023-01-12,1471.1,1475.63,1462.95,1473.31,267167,XAU,seed
2023-01-13,1463.95,1465.45,1452.21,1464.64,288539,XAU,seed
2023-01-16,1444.43,1451.72,1439.25,1446.41,120470,XAU,seed
2023-01-17,1417.75,1422.94,1410.66,1420.45,211934,XAU,seed
2023-01-18,1397.79,1399.58,1394.23,1397.86,190239,XAU,seed
2023-01-19,1437.8,1445.15,1434.21,1439.68,52150,XAU,seed
2023-01-20,1441.04,1444.49,1435.87,1441.09,259574,XAU,seed
2023-01-23,1428.01,1429.18,1425.75,1426.33,246757,XAU,seed
2023-01-24,1434.22,1439.12,1428.35,1431.85,100382,XAU,seed
2023-01-25,1440.76,1461.26,1440.24,1441.79,237349,XAU,seed
2023-01-26,1441.9,1442.54,1440.52,1442.4,170805,XAU,seed
2023-01-27,1443.62,1444.03,1435.26,1442.18,131817,XAU,seed
2023-01-30,1453.21,1453.21,1442.07,1451.23,82018,XAU,seed
2023-01-31,1448.56,1462.2,1441.78,1451.19,107091,XAU,seed
2023-02-01,1462.64,1476.17,1461.99,1463.22,203274,XAU,seed
2023-02-02,1480.18,1497.09,1480.18,1484.56,174589,XAU,seed
2023-02-03,1483.84,1483.84,1472.71,1481.43,229816,XAU,seed
2023-02-06,1458.78,1458.78,1452.64,1454.44,218971,XAU,seed
2023-02-07,1462.74,1472.57,1462.74,1466.19,196368,XAU,seed
2023-02-08,1475.85,1477.62,1471.34,1473.15,230682,XAU,seed
2023-02-09,1452.82,1466.04,1452.19,1454.99,196544,XAU,seed
2023-02-10,1445.89,1451.18,1442.41,1448.59,241994,XAU,seed
2023-02-13,1418.77,1420.62,1414.71,1417.93,189234,XAU,seed
2023-02-14,1423.69,1425.9,1423.69,1425.72,217254,XAU,seed
2023-02-15,1404.09,1405.74,1396.32,1400.87,212581,XAU,seed
2023-02-16,1404.36,1409.77,1401.34,1403.03,187381,XAU,seed
2023-02-17,1389.88,1394.25,1385.78,1392.77,134416,XAU,seed
2023-02-20,1403.94,1409.5,1403.94,1407.6,278980,XAU,seed
2023-02-21,1412.65,1425.21,1412.65,1415.27,151868,XAU,seed
2023-02-22,1407.03,1407.03,1398.63,1405.33,208847,XAU,seed
2023-02-23,1408.8,1414.26,1391.86,1405.25,268124,XAU,seed
2023-02-24,1426.47,1446.0,1424.22,1430.24,159039,XAU,seed
2023-02-27,1439.13,1449.53,1437.02,1442.96,242492,XAU,seed
2023-02-28,1459.54,1459.54,1454.85,1455.65,240099,XAU,seed
2023-03-01,1455.29,1463.2,1450.08,1457.97,298382,XAU,seed
2023-03-02,1469.24,1478.25,1463.53,1469.98,143837,XAU,seed
2023-03-03,1458.32,1469.23,1451.09,1458.96,194170,XAU,seed
2023-03-06,1444.61,1455.41,1444.61,1447.58,142359,XAU,seed
2023-03-07,1468.94,1468.94,1458.33,1464.58,216000,XAU,seed
2023-03-08,1442.64,1446.32,1439.77,1441.7,250725,XAU,seed
2023-03-09,1416.25,1434.61,1412.14,1417.44,50051,XAU,seed
2023-03-10,1412.09,1433.51,1408.81,1411.28,129125,XAU,seed
2023-03-13,1454.68,1462.14,1445.68,1457.17,297292,XAU,seed
2023-03-14,1453.32,1468.4,1447.11,1452.85,90557,XAU,seed
2023-03-15,1465.07,1469.54,1452.75,1468.09,115498,XAU,seed
2023-03-16,1468.08,1484.98,1462.0,1471.68,242483,XAU,seed
2023-03-17,1484.72,1500.73,1483.7,1484.87,234247,XAU,seed
2023-03-20,1454.84,1457.67,1442.81,1454.0,201069,XAU,seed
2023-03-21,1437.73,1441.57,1421.37,1434.1,163850,XAU,seed
2023-03-22,1410.44,1410.44,1397.19,1407.31,207889,XAU,seed
2023-03-23,1428.79,1435.86,1424.76,1427.66,133706,XAU,seed
2023-03-24,1419.47,1419.87,1417.2,1419.45,241778,XAU,seed
2023-03-27,1464.27,1464.88,1460.61,1462.06,163229,XAU,seed
2023-03-28,1455.3,1466.76,1453.81,1458.51,62926,XAU,seed
2023-03-29,1446.16,1457.3,1442.57,1447.04,249762,XAU,seed
2023-03-30,1460.93,1463.81,1457.09,1461.03,211479,XAU,seed
2023-03-31,1478.91,1482.0,1473.38,1481.2,229499,XAU,seed
2023-04-03,1489.46,1494.03,1484.75,1487.93,134079,XAU,seed
2023-04-04,1477.45,1478.38,1469.08,1475.06,265373,XAU,seed
2023-04-05,1489.94,1506.35,1489.28,1493.11,102346,XAU,seed
2023-04-06,1491.83,1500.27,1483.51,1489.78,113713,XAU,seed
2023-04-07,1529.6,1529.6,1525.08,1526.22,231874,XAU,seed
2023-04-10,1531.22,1537.67,1520.54,1531.48,105541,XAU,seed
2023-04-11,1535.6,1550.2,1535.6,1537.82,87053,XAU,seed
2023-04-12,1528.67,1537.58,1524.6,1529.8,116966,XAU,seed
2023-04-13,1539.55,1539.55,1535.17,1536.88,221640,XAU,seed
2023-04-14,1544.75,1552.13,1528.7,1543.26,144429,XAU,seed
2023-04-17,1549.33,1549.33,1541.4,1545.92,149798,XAU,seed
2023-04-18,1523.58,1530.1,1518.91,1519.9,73074,XAU,seed
2023-04-19,1527.66,1529.47,1527.33,1528.04,114852,XAU,seed
2023-04-20,1541.12,1541.27,1539.73,1541.22,229388,XAU,seed
2023-04-21,1525.13,1536.47,1525.13,1527.55,262832,XAU,seed
2023-04-24,1539.02,1563.52,1539.02,1540.06,297499,XAU,seed
2023-04-25,1524.45,1536.56,1520.92,1527.64,73014,XAU,seed
2023-04-26,1527.16,1533.63,1517.2,1525.54,159401,XAU,seed
2023-04-27,1530.89,1532.33,1522.91,1526.58,192143,XAU,seed
2023-04-28,1544.39,1545.73,1538.89,1543.64,86204,XAU,seed
2023-05-01,1534.74,1551.24,1515.5,1534.52,251863,XAU,seed
2023-05-02,1563.11,1563.3,1550.13,1559.21,298670,XAU,seed
2023-05-03,1560.76,1560.76,1556.08,1557.59,133542,XAU,seed
2023-05-04,1570.2,1588.18,1564.62,1571.03,284390,XAU,seed
2023-05-05,1549.9,1554.71,1549.33,1553.14,56867,XAU,seed
2023-05-08,1553.27,1560.59,1553.14,1555.45,110865,XAU,seed
2023-05-09,1552.46,1557.16,1552.28,1556.38,271810,XAU,seed
2023-05-10,1534.45,1540.96,1528.46,1535.62,86048,XAU,seed
2023-05-11,1541.48,1559.56,1538.91,1542.33,299088,XAU,seed
2023-05-12,1523.54,1523.54,1516.29,1519.09,293034,XAU,seed
2023-05-15,1537.98,1542.78,1522.64,1536.91,282675,XAU,seed
2023-05-16,1533.49,1538.41,1530.22,1537.71,132024,XAU,seed
2023-05-17,1507.65,1517.51,1504.56,1506.99,234578,XAU,seed
2023-05-18,1511.64,1513.11,1510.11,1512.08,114414,XAU,seed
2023-05-19,1498.15,1504.47,1492.84,1496.04,215320,XAU,seed
2023-05-22,1506.37,1516.62,1498.29,1506.91,124950,XAU,seed
2023-05-23,1491.61,1499.06,1487.57,1490.59,87287,XAU,seed
2023-05-24,1464.59,1472.82,1464.59,1468.2,203471,XAU,seed
2023-05-25,1488.61,1498.87,1487.65,1491.87,96891,XAU,seed
2023-05-26,1462.66,1462.66,1457.06,1459.19,134954,XAU,seed
2023-05-29,1449.72,1449.72,1443.51,1447.15,79927,XAU,seed
2023-05-30,1437.88,1444.55,1430.27,1441.47,184130,XAU,seed
2023-05-31,1435.21,1439.01,1433.58,1434.78,137868,XAU,seed
2023-06-01,1411.16,1417.14,1410.87,1414.13,236658,XAU,seed
2023-06-02,1429.24,1432.99,1425.84,1427.27,97368,XAU,seed
2023-06-05,1431.33,1437.81,1430.07,1433.88,170230,XAU,seed
2023-06-06,1418.51,1422.32,1410.71,1415.89,106852,XAU,seed
2023-06-07,1400.63,1409.71,1396.84,1401.38,114150,XAU,seed
2023-06-08,1412.11,1413.08,1406.67,1411.02,98454,XAU,seed
2023-06-09,1421.03,1431.41,1416.6,1424.99,269680,XAU,seed
2023-06-12,1410.76,1431.72,1400.03,1414.26,92293,XAU,seed
2023-06-13,1406.28,1414.89,1397.72,1404.67,96509,XAU,seed
2023-06-14,1429.25,1442.38,1427.72,1430.45,134625,XAU,seed
2023-06-15,1416.82,1428.56,1416.54,1420.5,126764,XAU,seed
2023-06-16,1416.16,1416.59,1406.69,1413.11,105009,XAU,seed
2023-06-19,1403.11,1407.67,1396.59,1406.41,72982,XAU,seed
2023-06-20,1387.11,1389.18,1383.02,1383.51,209604,XAU,seed
2023-06-21,1391.37,1402.12,1379.62,1390.75,211032,XAU,seed
2023-06-22,1375.24,1378.48,1373.95,1374.15,209752,XAU,seed
2023-06-23,1373.39,1381.59,1370.72,1375.92,258858,XAU,seed
2023-06-26,1400.71,1405.42,1398.15,1398.19,137501,XAU,seed
2023-06-27,1379.99,1389.09,1374.2,1382.38,116694,XAU,seed
2023-06-28,1386.11,1386.4,1385.37,1386.06,229787,XAU,seed
2023-06-29,1379.41,1391.46,1375.61,1378.84,100860,XAU,seed
2023-06-30,1374.01,1383.19,1366.43,1372.59,219253,XAU,seed
2023-07-03,1378.47,1388.51,1367.8,1378.79,171233,XAU,seed
2023-07-04,1384.55,1385.5,1377.52,1382.53,240045,XAU,seed
2023-07-05,1370.56,1379.99,1370.56,1374.53,290172,XAU,seed
2023-07-06,1389.66,1389.66,1384.05,1385.76,148367,XAU,seed
2023-07-07,1366.38,1372.86,1359.92,1365.8,276648,XAU,seed
2023-07-10,1371.75,1371.75,1363.54,1368.81,72753,XAU,seed
2023-07-11,1357.78,1362.69,1356.73,1358.18,129250,XAU,seed
2023-07-12,1361.38,1366.06,1361.38,1365.17,182643,XAU,seed
2023-07-13,1382.72,1388.47,1368.13,1382.72,242005,XAU,seed
2023-07-14,1390.93,1392.76,1389.23,1392.37,295897,XAU,seed
2023-07-17,1343.4,1352.27,1343.4,1345.78,276704,XAU,seed
2023-07-18,1348.34,1348.34,1336.52,1344.85,72826,XAU,seed
2023-07-19,1326.67,1330.95,1318.89,1329.83,55893,XAU,seed
2023-07-20,1322.2,1322.2,1315.2,1319.09,122522,XAU,seed
2023-07-21,1296.57,1296.57,1291.49,1295.24,80005,XAU,seed
2023-07-24,1315.71,1317.24,1309.71,1315.59,133488,XAU,seed
2023-07-25,1313.82,1315.01,1309.62,1311.42,131625,XAU,seed
2023-07-26,1301.48,1306.94,1296.56,1301.92,227077,XAU,seed
2023-07-27,1312.5,1323.76,1309.31,1315.77,283642,XAU,seed
2023-07-28,1294.91,1297.54,1289.63,1293.37,264287,XAU,seed
2023-07-31,1303.87,1314.43,1294.48,1301.46,250390,XAU,seed
2023-08-01,1296.86,1300.8,1290.91,1294.43,169428,XAU,seed
2023-08-02,1289.31,1302.61,1284.38,1287.25,87675,XAU,seed
2023-08-03,1303.53,1308.17,1293.99,1300.31,224373,XAU,seed
2023-08-04,1285.68,1289.4,1285.68,1287.04,79592,XAU,seed
2023-08-07,1275.56,1279.06,1269.44,1278.08,83395,XAU,seed
2023-08-08,1265.84,1270.52,1259.2,1264.22,68592,XAU,seed
2023-08-09,1268.37,1276.69,1264.55,1269.13,193641,XAU,seed
2023-08-10,1274.88,1280.76,1268.71,1278.21,163022,XAU,seed
2023-08-11,1284.02,1286.33,1280.51,1281.81,223699,XAU,seed
2023-08-14,1272.67,1272.68,1268.38,1271.05,206257,XAU,seed
2023-08-15,1256.66,1261.24,1240.22,1254.23,68247,XAU,seed
2023-08-16,1238.33,1239.95,1232.62,1237.61,219080,XAU,seed
2023-08-17,1237.16,1244.95,1226.13,1234.81,216758,XAU,seed
2023-08-18,1244.8,1248.54,1242.1,1243.6,211368,XAU,seed
2023-08-21,1237.38,1239.3,1228.69,1236.03,289391,XAU,seed
2023-08-22,1226.63,1226.63,1210.12,1223.43,73406,XAU,seed
2023-08-23,1207.91,1214.64,1198.17,1207.83,66360,XAU,seed
2023-08-24,1193.62,1200.04,1186.21,1196.83,144173,XAU,seed
2023-08-25,1202.1,1212.82,1202.1,1205.49,213896,XAU,seed
2023-08-28,1199.61,1208.95,1197.99,1200.46,174484,XAU,seed
2023-08-29,1214.16,1215.69,1206.82,1211.66,125620,XAU,seed
2023-08-30,1229.34,1233.03,1229.34,1232.04,239094,XAU,seed
2023-08-31,1250.94,1250.94,1244.84,1247.39,261272,XAU,seed
2023-09-01,1236.89,1239.91,1230.79,1234.75,97132,XAU,seed
2023-09-04,1223.85,1224.78,1218.61,1221.51,161351,XAU,seed
2023-09-05,1210.49,1210.49,1200.87,1207.98,157698,XAU,seed
2023-09-06,1220.61,1230.87,1220.61,1224.04,146620,XAU,seed
2023-09-07,1237.57,1242.44,1228.35,1236.16,275273,XAU,seed
2023-09-08,1259.99,1271.93,1254.01,1260.26,73185,XAU,seed
2023-09-11,1262.46,1265.9,1252.87,1261.22,191347,XAU,seed
2023-09-12,1261.79,1271.27,1256.04,1265.18,172911,XAU,seed
2023-09-13,1237.42,1239.7,1231.84,1236.87,259249,XAU,seed
2023-09-14,1236.41,1239.26,1231.94,1234.96,255788,XAU,seed
2023-09-15,1230.69,1231.86,1229.14,1230.89,126481,XAU,seed
2023-09-18,1236.55,1244.51,1234.49,1238.13,273201,XAU,seed
2023-09-19,1241.55,1241.55,1235.97,1240.69,244361,XAU,seed
2023-09-20,1248.23,1251.49,1242.02,1247.54,261770,XAU,seed
2023-09-21,1256.8,1262.04,1251.81,1258.8,58674,XAU,seed
2023-09-22,1253.3,1259.3,1253.3,1255.97,180009,XAU,seed
2023-09-25,1255.72,1261.98,1248.04,1256.6,93852,XAU,seed
2023-09-26,1261.29,1269.1,1254.21,1262.47,80407,XAU,seed
2023-09-27,1277.43,1292.98,1275.3,1277.61,291817,XAU,seed
2023-09-28,1266.17,1268.1,1264.04,1264.61,278138,XAU,seed
2023-09-29,1256.73,1258.53,1250.81,1254.5,189002,XAU,seed
2023-10-02,1256.38,1263.42,1241.33,1253.24,163190,XAU,seed
2023-10-03,1236.62,1239.73,1227.25,1238.31,116936,XAU,seed
2023-10-04,1233.04,1233.04,1221.01,1231.03,204330,XAU,seed
2023-10-05,1234.82,1238.85,1233.28,1233.51,52772,XAU,seed
2023-10-06,1218.41,1224.33,1218.41,1221.99,166901,XAU,seed
2023-10-09,1207.75,1217.77,1207.75,1209.55,64911,XAU,seed
2023-10-10,1230.55,1236.41,1225.39,1228.07,235617,XAU,seed
2023-10-11,1234.77,1241.46,1226.63,1234.0,219844,XAU,seed
2023-10-12,1205.17,1205.17,1197.98,1202.31,172409,XAU,seed
2023-10-13,1199.54,1210.15,1199.54,1199.88,231461,XAU,seed
2023-10-16,1217.68,1220.23,1216.94,1218.97,253713,XAU,seed
2023-10-17,1235.36,1235.36,1220.44,1231.7,96643,XAU,seed
2023-10-18,1220.6,1220.6,1215.03,1217.47,178989,XAU,seed
2023-10-19,1230.38,1233.09,1228.97,1230.89,165757,XAU,seed
2023-10-20,1226.74,1234.1,1226.74,1229.89,166885,XAU,seed
2023-10-23,1247.28,1247.86,1246.12,1246.13,152362,XAU,seed
2023-10-24,1247.34,1250.99,1240.93,1244.31,296392,XAU,seed
2023-10-25,1246.02,1248.33,1235.45,1246.74,68376,XAU,seed
2023-10-26,1249.43,1249.43,1239.53,1246.04,198699,XAU,seed
2023-10-27,1204.53,1206.4,1203.82,1205.74,219626,XAU,seed
2023-10-30,1223.37,1225.92,1216.72,1220.0,250935,XAU,seed
2023-10-31,1218.52,1226.89,1216.3,1218.12,128347,XAU,seed
2023-11-01,1209.95,1210.61,1207.03,1209.0,215882,XAU,seed
2023-11-02,1198.07,1221.3,1198.07,1201.41,112517,XAU,seed
2023-11-03,1197.32,1199.65,1190.11,1197.02,268693,XAU,seed
2023-11-06,1206.94,1213.37,1205.8,1210.45,239008,XAU,seed
2023-11-07,1219.51,1220.62,1211.42,1217.27,227754,XAU,seed
2023-11-08,1230.85,1230.85,1226.71,1229.08,242796,XAU,seed
2023-11-09,1241.7,1243.57,1240.98,1241.91,233840,XAU,seed
2023-11-10,1241.89,1250.41,1234.42,1240.9,75504,XAU,seed
2023-11-13,1233.94,1234.47,1230.6,1233.26,180323,XAU,seed
2023-11-14,1215.02,1219.83,1212.93,1218.21,269125,XAU,seed
2023-11-15,1237.5,1246.83,1237.5,1238.81,86000,XAU,seed
2023-11-16,1221.84,1227.57,1221.84,1223.95,66573,XAU,seed
2023-11-17,1229.09,1232.3,1222.35,1229.72,164992,XAU,seed
2023-11-20,1228.09,1233.02,1222.38,1230.8,148600,XAU,seed
2023-11-21,1231.49,1235.46,1231.43,1231.59,73367,XAU,seed
2023-11-22,1225.49,1230.86,1216.88,1227.08,174783,XAU,seed
2023-11-23,1225.23,1230.45,1223.29,1224.2,295914,XAU,seed
2023-11-24,1234.75,1235.78,1225.73,1234.04,73074,XAU,seed
2023-11-27,1216.87,1222.44,1216.87,1217.98,80803,XAU,seed
2023-11-28,1256.43,1267.55,1241.51,1255.54,183048,XAU,seed
2023-11-29,1261.68,1261.68,1256.39,1260.47,258827,XAU,seed
2023-11-30,1279.91,1280.53,1276.7,1276.76,291873,XAU,seed
2023-12-01,1295.1,1302.14,1294.44,1296.77,261066,XAU,seed
2023-12-04,1306.19,1316.99,1306.19,1309.3,91430,XAU,seed
2023-12-05,1310.35,1321.67,1306.94,1313.37,205374,XAU,seed
2023-12-06,1302.55,1304.4,1297.82,1300.62,78870,XAU,seed
2023-12-07,1299.87,1302.33,1293.43,1298.02,107845,XAU,seed
2023-12-08,1311.96,1319.71,1311.96,1315.48,209759,XAU,seed
2023-12-11,1299.35,1303.92,1293.15,1302.19,120698,XAU,seed
2023-12-12,1306.3,1308.08,1303.5,1304.79,273255,XAU,seed
2023-12-13,1292.69,1292.69,1285.37,1290.67,91101,XAU,seed
2023-12-14,1296.91,1304.33,1281.0,1296.05,274134,XAU,seed
2023-12-15,1298.48,1301.24,1294.85,1298.31,174122,XAU,seed
2023-12-18,1306.52,1306.52,1299.83,1304.72,135798,XAU,seed
2023-12-19,1299.14,1309.35,1291.06,1295.82,285471,XAU,seed
2023-12-20,1333.05,1347.98,1333.05,1336.73,58813,XAU,seed
2023-12-21,1326.51,1326.51,1321.21,1324.05,179836,XAU,seed
2023-12-22,1321.68,1327.41,1309.44,1325.55,84789,XAU,seed
2023-12-25,1323.13,1328.94,1318.2,1319.18,92415,XAU,seed
2023-12-26,1313.26,1318.45,1310.21,1311.31,252331,XAU,seed
2023-12-27,1323.76,1332.71,1319.54,1326.27,234523,XAU,seed
2023-12-28,1304.07,1312.05,1303.79,1307.44,58575,XAU,seed
2023-12-29,1302.45,1307.38,1295.38,1300.91,104302,XAU,seed
2024-01-01,1305.65,1305.65,1300.5,1302.68,297810,XAU,seed
2024-01-02,1311.1,1320.09,1309.7,1314.63,60714,XAU,seed
2024-01-03,1309.54,1318.47,1304.87,1309.08,103664,XAU,seed
2024-01-04,1318.2,1324.28,1309.21,1317.89,247204,XAU,seed
2024-01-05,1284.32,1286.7,1281.96,1286.56,142461,XAU,seed
2024-01-08,1299.84,1306.35,1298.33,1300.44,168596,XAU,seed
2024-01-09,1280.6,1285.92,1274.15,1283.51,189684,XAU,seed
2024-01-10,1295.43,1301.07,1287.62,1296.45,296644,XAU,seed
2024-01-11,1306.71,1309.24,1300.32,1303.7,96874,XAU,seed
2024-01-12,1292.5,1297.17,1285.66,1295.54,180109,XAU,seed
2024-01-15,1305.11,1308.27,1300.62,1301.58,228887,XAU,seed
2024-01-16,1293.44,1303.37,1291.41,1294.63,126419,XAU,seed
2024-01-17,1298.49,1300.13,1289.39,1296.14,138048,XAU,seed
2024-01-18,1286.6,1289.45,1277.82,1285.47,232678,XAU,seed
2024-01-19,1268.14,1280.83,1262.9,1268.46,130345,XAU,seed
2024-01-22,1273.84,1284.7,1271.97,1273.96,62404,XAU,seed
2024-01-23,1284.71,1284.71,1278.63,1281.2,190330,XAU,seed
2024-01-24,1275.87,1276.59,1264.45,1273.28,90235,XAU,seed
2024-01-25,1281.15,1283.51,1274.26,1277.36,146907,XAU,seed
2024-01-26,1281.41,1287.41,1279.61,1285.0,147757,XAU,seed
2024-01-29,1249.65,1250.41,1248.43,1249.4,294074,XAU,seed
2024-01-30,1241.78,1242.34,1241.57,1242.09,243592,XAU,seed
2024-01-31,1228.06,1230.66,1214.45,1226.98,297466,XAU,seed
2024-02-01,1229.7,1231.51,1219.03,1228.47,291773,XAU,seed
2024-02-02,1211.36,1212.37,1207.74,1209.68,194430,XAU,seed
2024-02-05,1213.12,1213.32,1206.66,1212.26,135555,XAU,seed
2024-02-06,1231.35,1233.24,1216.53,1230.73,122856,XAU,seed
2024-02-07,1235.58,1239.85,1219.09,1232.99,184162,XAU,seed
2024-02-08,1221.77,1223.08,1220.86,1221.01,224788,XAU,seed
2024-02-09,1219.08,1220.51,1212.21,1216.5,124619,XAU,seed
2024-02-12,1210.04,1214.34,1208.85,1210.43,282732,XAU,seed
2024-02-13,1174.38,1174.79,1161.94,1172.24,285332,XAU,seed
2024-02-14,1145.98,1150.54,1145.98,1148.46,104469,XAU,seed
2024-02-15,1136.66,1143.25,1125.13,1136.49,204842,XAU,seed
2024-02-16,1136.42,1142.09,1134.02,1137.04,195703,XAU,seed
2024-02-19,1124.53,1125.06,1111.67,1121.74,125881,XAU,seed
2024-02-20,1120.85,1121.07,1114.55,1118.66,196612,XAU,seed
2024-02-21,1120.39,1121.11,1114.54,1118.43,217917,XAU,seed
2024-02-22,1126.86,1130.39,1122.17,1125.82,178945,XAU,seed
2024-02-23,1137.88,1141.72,1134.49,1141.11,67491,XAU,seed
2024-02-26,1131.69,1135.84,1130.11,1131.82,229807,XAU,seed
2024-02-27,1110.82,1120.62,1110.82,1113.36,271585,XAU,seed
2024-02-28,1110.36,1121.02,1110.36,1112.73,143686,XAU,seed
2024-02-29,1117.59,1122.6,1115.38,1118.13,125984,XAU,seed
2024-03-01,1111.11,1116.64,1106.58,1113.93,250458,XAU,seed
2024-03-04,1131.67,1138.75,1123.77,1131.38,229560,XAU,seed
2024-03-05,1136.12,1139.33,1129.44,1134.78,142177,XAU,seed
2024-03-06,1136.13,1140.58,1131.33,1136.01,139211,XAU,seed
2024-03-07,1140.99,1153.71,1140.99,1142.93,258432,XAU,seed
2024-03-08,1159.49,1164.23,1156.04,1157.19,194470,XAU,seed
2024-03-11,1150.21,1153.25,1149.34,1150.78,84401,XAU,seed
2024-03-12,1162.71,1170.99,1155.87,1164.02,283236,XAU,seed
2024-03-13,1183.35,1183.35,1175.58,1180.02,245155,XAU,seed
2024-03-14,1186.55,1186.67,1180.7,1184.01,82858,XAU,seed
2024-03-15,1193.03,1193.8,1190.67,1193.57,54929,XAU,seed
2024-03-18,1194.06,1205.62,1190.68,1197.34,184605,XAU,seed
2024-03-19,1188.32,1190.25,1184.06,1185.41,52692,XAU,seed
2024-03-20,1189.41,1189.95,1174.15,1186.42,98439,XAU,seed
2024-03-21,1182.73,1185.37,1180.48,1185.25,201978,XAU,seed
2024-03-22,1181.17,1181.76,1176.81,1181.17,199483,XAU,seed
2024-03-25,1205.49,1212.98,1201.87,1203.59,123887,XAU,seed
2024-03-26,1210.86,1216.6,1200.84,1214.47,291297,XAU,seed
2024-03-27,1193.1,1199.5,1190.64,1194.06,78134,XAU,seed
2024-03-28,1198.74,1200.57,1195.4,1199.61,79581,XAU,seed
2024-03-29,1200.54,1207.76,1199.92,1200.79,144699,XAU,seed
2024-04-01,1193.13,1197.82,1193.13,1196.43,124347,XAU,seed
2024-04-02,1177.57,1178.53,1172.72,1176.25,156766,XAU,seed
2024-04-03,1168.02,1180.37,1165.45,1170.2,174695,XAU,seed
2024-04-04,1178.59,1186.09,1174.2,1182.04,153905,XAU,seed
2024-04-05,1161.99,1168.55,1160.27,1164.89,204811,XAU,seed
2024-04-08,1189.09,1189.09,1181.38,1186.3,102189,XAU,seed
2024-04-09,1180.88,1185.47,1169.58,1177.41,240106,XAU,seed
2024-04-10,1157.77,1164.01,1150.54,1155.93,259973,XAU,seed
2024-04-11,1148.18,1153.01,1144.82,1148.35,177017,XAU,seed
2024-04-12,1141.28,1146.36,1137.0,1141.6,110508,XAU,seed
2024-04-15,1134.54,1139.29,1134.54,1137.27,227761,XAU,seed
2024-04-16,1146.11,1147.65,1141.09,1145.39,213376,XAU,seed
2024-04-17,1151.61,1151.61,1139.74,1149.88,102935,XAU,seed
2024-04-18,1146.25,1156.28,1143.47,1146.22,191696,XAU,seed
2024-04-19,1113.99,1128.36,1111.88,1117.13,150566,XAU,seed
2024-04-22,1094.43,1098.13,1094.04,1094.8,222860,XAU,seed
2024-04-23,1103.06,1104.65,1101.54,1101.69,237622,XAU,seed
2024-04-24,1086.79,1093.23,1085.93,1086.34,191398,XAU,seed
2024-04-25,1076.81,1079.87,1074.3,1074.52,179680,XAU,seed
2024-04-26,1066.33,1066.33,1060.87,1065.2,66101,XAU,seed
2024-04-29,1071.2,1074.16,1061.88,1069.03,57051,XAU,seed
2024-04-30,1070.16,1085.89,1063.67,1070.93,157984,XAU,seed
2024-05-01,1059.39,1065.24,1055.3,1061.0,288653,XAU,seed
2024-05-02,1049.98,1055.57,1046.68,1052.41,59798,XAU,seed
2024-05-03,1030.97,1033.86,1028.2,1030.55,232441,XAU,seed
2024-05-06,1027.37,1032.61,1026.56,1028.5,75618,XAU,seed
2024-05-07,1031.76,1033.81,1025.45,1030.68,250514,XAU,seed
2024-05-08,1026.36,1030.98,1026.36,1027.59,216577,XAU,seed
2024-05-09,1041.51,1043.56,1038.43,1039.39,62460,XAU,seed
2024-05-10,1037.23,1044.57,1026.14,1035.33,238142,XAU,seed
2024-05-13,1037.47,1046.99,1034.65,1038.48,174588,XAU,seed
2024-05-14,1026.76,1032.1,1023.91,1029.37,128619,XAU,seed
2024-05-15,1015.05,1022.7,1012.78,1016.88,168811,XAU,seed
2024-05-16,1012.85,1014.77,1006.16,1010.54,98900,XAU,seed
2024-05-17,1006.83,1006.83,998.42,1004.05,295671,XAU,seed
2024-05-20,993.52,1001.07,985.03,991.42,240477,XAU,seed
2024-05-21,981.69,984.17,980.24,982.49,229649,XAU,seed
2024-05-22,984.29,991.73,976.48,984.82,216180,XAU,seed
2024-05-23,990.25,990.65,985.31,988.33,207609,XAU,seed
2024-05-24,987.25,998.03,987.25,989.33,131406,XAU,seed
2024-05-27,975.75,976.93,975.06,976.13,91774,XAU,seed
2024-05-28,977.74,977.74,969.97,976.05,218897,XAU,seed
2024-05-29,993.01,1002.86,991.87,993.1,72001,XAU,seed
2024-05-30,987.22,999.94,986.87,989.81,226074,XAU,seed
2024-05-31,990.13,990.13,984.82,987.51,79342,XAU,seed
2024-06-03,974.1,979.63,970.8,976.32,253191,XAU,seed
2024-06-04,986.35,986.35,981.58,984.08,261468,XAU,seed
2024-06-05,977.86,979.24,968.9,976.47,295235,XAU,seed
2024-06-06,969.58,976.6,969.58,971.47,116664,XAU,seed
2024-06-07,974.32,974.87,971.86,974.13,193063,XAU,seed
2024-06-10,962.78,968.31,952.36,960.11,145157,XAU,seed
2024-06-11,949.36,956.76,942.29,950.46,59125,XAU,seed
2024-06-12,961.69,962.24,951.28,959.16,112829,XAU,seed
2024-06-13,960.05,962.41,949.38,959.25,229633,XAU,seed
2024-06-14,977.02,983.1,968.03,974.92,153016,XAU,seed
2024-06-17,995.81,1004.72,993.73,997.0,127967,XAU,seed
2024-06-18,1005.5,1009.99,995.41,1002.99,250996,XAU,seed
2024-06-19,990.03,998.92,987.22,991.37,178894,XAU,seed
2024-06-20,982.67,982.7,970.84,980.66,265021,XAU,seed
2024-06-21,984.7,990.83,984.03,986.12,241163,XAU,seed
2024-06-24,993.05,994.93,993.05,993.33,218189,XAU,seed
2024-06-25,999.27,1001.76,998.36,998.42,130097,XAU,seed
2024-06-26,994.9,1010.06,994.9,996.95,267742,XAU,seed
2024-06-27,994.39,1003.77,987.54,993.83,168355,XAU,seed
2024-06-28,975.22,980.12,968.17,976.62,259591,XAU,seed
2024-07-01,975.24,979.74,973.07,976.02,268806,XAU,seed
2024-07-02,984.69,988.33,978.76,982.05,214266,XAU,seed
2024-07-03,982.75,983.68,973.39,982.97,63050,XAU,seed
2024-07-04,972.6,977.95,971.52,974.0,298314,XAU,seed
2024-07-05,972.8,974.28,961.6,972.65,266860,XAU,seed
2024-07-08,971.7,973.98,961.47,970.46,255028,XAU,seed
2024-07-09,968.27,971.95,967.57,968.95,106509,XAU,seed
2024-07-10,979.02,982.34,975.52,977.98,88258,XAU,seed
2024-07-11,1006.03,1011.26,1006.03,1007.63,202804,XAU,seed
2024-07-12,1000.07,1005.99,999.73,1003.02,231671,XAU,seed
2024-07-15,996.55,1003.2,994.13,997.24,69151,XAU,seed
2024-07-16,999.7,1001.74,989.82,1000.7,208957,XAU,seed
2024-07-17,1028.69,1028.69,1026.51,1028.08,116494,XAU,seed
2024-07-18,1020.29,1020.29,1014.99,1017.38,283891,XAU,seed
2024-07-19,1002.6,1015.62,1002.6,1004.04,280135,XAU,seed
2024-07-22,1000.92,1003.2,998.07,999.66,132121,XAU,seed
2024-07-23,1007.75,1009.75,998.32,1005.51,292807,XAU,seed
2024-07-24,983.02,989.82,974.55,984.42,185521,XAU,seed
2024-07-25,974.85,984.21,974.85,975.93,89653,XAU,seed
2024-07-26,954.43,956.52,952.52,953.65,64304,XAU,seed
2024-07-29,952.92,955.69,949.38,954.3,284664,XAU,seed
2024-07-30,956.48,958.71,951.97,957.31,179233,XAU,seed
2024-07-31,968.41,972.37,967.8,970.45,124479,XAU,seed
2024-08-01,973.54,974.95,963.34,973.49,203531,XAU,seed
2024-08-02,979.74,982.99,979.58,982.66,291280,XAU,seed
2024-08-05,1000.53,1000.53,998.72,999.47,228601,XAU,seed
2024-08-06,1004.59,1007.5,1004.33,1005.35,134813,XAU,seed
2024-08-07,1010.25,1011.23,1003.57,1008.25,120600,XAU,seed
2024-08-08,1010.39,1014.43,997.27,1007.55,135174,XAU,seed
2024-08-09,1054.95,1054.95,1049.73,1052.38,276303,XAU,seed
2024-08-12,1067.54,1070.6,1067.54,1068.68,299534,XAU,seed
2024-08-13,1063.29,1065.43,1055.73,1064.86,154573,XAU,seed
2024-08-14,1082.57,1085.58,1080.4,1084.77,247278,XAU,seed
2024-08-15,1090.42,1094.55,1083.28,1091.74,291618,XAU,seed
2024-08-16,1082.95,1090.54,1076.51,1085.35,184388,XAU,seed
2024-08-19,1088.97,1090.56,1082.37,1089.7,73651,XAU,seed
2024-08-20,1091.67,1096.18,1088.61,1090.92,60600,XAU,seed
2024-08-21,1060.65,1064.55,1052.82,1059.53,293968,XAU,seed
2024-08-22,1043.7,1044.96,1038.13,1043.55,287819,XAU,seed
2024-08-23,1050.0,1050.0,1042.9,1046.95,115183,XAU,seed
2024-08-26,1034.96,1039.17,1034.96,1037.77,78215,XAU,seed
2024-08-27,1026.17,1028.13,1017.16,1026.39,143181,XAU,seed
2024-08-28,1026.57,1032.25,1021.6,1026.55,97068,XAU,seed
2024-08-29,1028.96,1038.74,1027.73,1031.77,132299,XAU,seed
2024-08-30,1022.5,1024.31,1018.65,1021.46,290677,XAU,seed
2024-09-02,1024.84,1026.91,1019.79,1026.78,278488,XAU,seed
2024-09-03,1018.57,1022.18,1018.57,1021.52,221914,XAU,seed
2024-09-04,1007.12,1011.56,1003.45,1004.9,177591,XAU,seed
2024-09-05,999.33,1003.3,986.68,998.63,226974,XAU,seed
2024-09-06,989.35,993.99,989.35,991.58,54164,XAU,seed
2024-09-09,986.73,992.29,986.73,989.54,113381,XAU,seed
2024-09-10,977.59,977.59,972.04,975.89,171484,XAU,seed
2024-09-11,980.66,989.5,978.28,982.92,166723,XAU,seed
2024-09-12,997.33,998.06,993.48,995.19,199272,XAU,seed
2024-09-13,999.73,1008.48,994.89,1000.73,163190,XAU,seed
2024-09-16,1023.93,1027.83,1018.79,1022.47,126224,XAU,seed
2024-09-17,1033.98,1035.82,1021.95,1033.9,287259,XAU,seed
2024-09-18,1040.91,1044.93,1038.61,1039.58,132798,XAU,seed
2024-09-19,1032.31,1033.36,1029.74,1031.39,213236,XAU,seed
2024-09-20,1042.69,1045.72,1040.9,1041.46,100384,XAU,seed
2024-09-23,1029.81,1036.43,1025.67,1029.77,291627,XAU,seed
2024-09-24,1013.72,1015.64,1009.67,1012.77,236485,XAU,seed
2024-09-25,1006.84,1006.91,1000.29,1004.18,173817,XAU,seed
2024-09-26,1011.8,1012.76,1002.82,1011.06,224864,XAU,seed
2024-09-27,1002.49,1013.47,1002.49,1004.56,297216,XAU,seed
2024-09-30,1012.53,1015.23,1012.53,1014.3,280924,XAU,seed
2024-10-01,1011.49,1017.27,1008.83,1013.47,261501,XAU,seed
2024-10-02,1025.45,1027.38,1022.22,1024.73,117586,XAU,seed
2024-10-03,1046.67,1046.67,1038.37,1044.98,284964,XAU,seed
2024-10-04,1055.68,1059.59,1048.36,1055.59,292911,XAU,seed
2024-10-07,1078.7,1078.7,1061.14,1075.72,254905,XAU,seed
2024-10-08,1063.13,1063.13,1058.89,1060.28,77632,XAU,seed
2024-10-09,1061.64,1069.06,1056.96,1063.52,235640,XAU,seed
2024-10-10,1052.41,1057.1,1046.51,1050.95,137715,XAU,seed
2024-10-11,1051.87,1062.62,1051.87,1053.76,51726,XAU,seed
2024-10-14,1053.69,1056.92,1053.69,1054.7,147631,XAU,seed
2024-10-15,1053.23,1053.23,1043.61,1052.41,188844,XAU,seed
2024-10-16,1047.3,1049.99,1042.63,1045.4,170259,XAU,seed
2024-10-17,1060.19,1064.4,1057.05,1059.03,251890,XAU,seed
2024-10-18,1083.51,1084.68,1078.24,1080.63,252472,XAU,seed
2024-10-21,1084.81,1087.28,1076.57,1083.13,286587,XAU,seed
2024-10-22,1057.55,1057.78,1044.25,1054.51,127522,XAU,seed
2024-10-23,1035.16,1039.7,1028.01,1033.91,132233,XAU,seed
2024-10-24,1034.06,1046.9,1033.4,1035.43,233578,XAU,seed
2024-10-25,1024.72,1027.38,1017.35,1022.35,165905,XAU,seed
2024-10-28,1016.77,1017.83,1013.16,1015.06,129044,XAU,seed
2024-10-29,1026.72,1029.46,1017.03,1027.4,186438,XAU,seed
2024-10-30,1034.45,1042.94,1034.45,1036.98,248455,XAU,seed
2024-10-31,1038.08,1039.54,1034.66,1035.66,268163,XAU,seed
2024-11-01,1041.78,1041.78,1037.58,1038.75,147774,XAU,seed
2024-11-04,1035.88,1038.73,1025.87,1038.22,167633,XAU,seed
2024-11-05,1032.72,1042.3,1032.01,1033.01,202461,XAU,seed
2024-11-06,1012.25,1018.13,1010.06,1011.47,141838,XAU,seed
2024-11-07,1008.67,1009.25,1005.55,1006.77,149002,XAU,seed
2024-11-08,997.78,1006.89,994.22,998.81,144704,XAU,seed
2024-11-11,992.75,995.06,992.05,993.2,161381,XAU,seed
2024-11-12,1002.72,1007.22,998.55,1003.04,204203,XAU,seed
2024-11-13,987.83,991.68,982.09,985.63,165364,XAU,seed
2024-11-14,977.48,978.64,974.67,976.12,182588,XAU,seed
2024-11-15,986.1,991.07,978.84,988.29,80948,XAU,seed
2024-11-18,981.74,987.98,979.25,984.5,291617,XAU,seed
2024-11-19,998.38,1003.64,994.45,998.92,60559,XAU,seed
2024-11-20,992.63,996.71,990.85,993.79,57334,XAU,seed
2024-11-21,996.18,1005.71,992.47,995.64,283061,XAU,seed
2024-11-22,995.92,1000.75,994.41,994.49,67711,XAU,seed
2024-11-25,1003.07,1012.49,998.3,1002.63,254826,XAU,seed
2024-11-26,990.01,990.01,986.03,988.03,216844,XAU,seed
2024-11-27,976.57,979.76,973.64,976.87,259665,XAU,seed
2024-11-28,965.92,970.14,964.0,966.58,62011,XAU,seed
2024-11-29,990.09,994.71,980.82,988.69,235390,XAU,seed
2024-12-02,1005.89,1006.87,997.52,1004.26,218798,XAU,seed
2024-12-03,998.56,999.31,997.09,997.85,199486,XAU,seed
2024-12-04,980.2,987.32,979.35,980.19,189423,XAU,seed
2024-12-05,983.07,983.07,973.71,981.39,282693,XAU,seed
2024-12-06,977.9,980.49,971.81,977.7,178836,XAU,seed
2024-12-09,979.14,987.86,974.56,979.51,133199,XAU,seed
2024-12-10,979.14,980.2,975.29,976.33,97885,XAU,seed
2024-12-11,975.33,978.95,974.83,976.46,211081,XAU,seed
2024-12-12,984.63,984.63,981.24,983.38,87345,XAU,seed
2024-12-13,974.8,976.69,973.34,975.53,103099,XAU,seed
2024-12-16,975.22,982.54,975.22,976.76,298868,XAU,seed
2024-12-17,979.7,984.61,976.8,979.91,156822,XAU,seed
2024-12-18,961.6,970.42,961.6,964.39,76610,XAU,seed
2024-12-19,966.64,966.65,960.34,964.99,71996,XAU,seed
2024-12-20,974.07,976.21,967.69,972.42,94089,XAU,seed
2024-12-23,974.92,979.91,972.55,975.37,50262,XAU,seed
2024-12-24,986.92,987.91,983.76,986.21,65774,XAU,seed
2024-12-25,998.53,1000.55,993.82,997.95,142122,XAU,seed
2024-12-26,1004.47,1004.47,999.51,1002.42,190008,XAU,seed
2024-12-27,993.53,996.11,992.25,994.16,195877,XAU,seed
2024-12-30,1015.4,1026.31,1015.4,1017.16,281717,XAU,seed
2024-12-31,1011.78,1013.33,1007.67,1013.23,114468,XAU,seed
